case,H,tt,tb,TBase,B,toe,valid,reason
H3_reverse_heel,3,0.25,0.3,0.45,2.5,0.8,False,REVERSED_BASE_FACE
H3,3,0.25,0.3,0.45,2,0.6,True,PASS_IMPLEMENTED_PROJECT_CHECKS
H4,4,0.25,0.4,0.45,2.5,1,True,PASS_IMPLEMENTED_PROJECT_CHECKS
H5,5,0.25,0.4,0.45,3,1,True,PASS_IMPLEMENTED_PROJECT_CHECKS
DB12weak,5,0.2,0.2,0.3,4,1.2,False,STEM_STRESS_OR_INTERVAL_BOUND
secondary_excluded,5,0.2,0.4,0.45,3,1,True,PASS_IMPLEMENTED_PROJECT_CHECKS
anchorage_excluded,5,0.25,0.4,0.3,3,1,True,PASS_IMPLEMENTED_PROJECT_CHECKS
stability,5,0.25,0.4,0.45,1.5,1,False,INVALID_GEOMETRY_OR_INPUT
invalid_top_depth,5,0.075,0.4,0.45,3,1,False,NONPOSITIVE_LOCAL_DEPTH
