evaluation,entry,valid,reason,cost,best_cost,tt,tb,TBase,Base,LToe,StemDB,StemSP,ToeDB,ToeSP,HeelDB,HeelSP
1,initial,False,ENVELOPE_STABILITY,999999999.0000000000,999999999.0000000000,0.3500000000,0.3500000000,0.4000000000,2.0000000000,0.6000000000,104,110,104,110,104,110
2,neighbor,False,ENVELOPE_STABILITY,999999999.0000000000,999999999.0000000000,0.3000000000,0.3000000000,0.4000000000,1.5000000000,0.5000000000,104,112,104,110,103,111
3,neighbor,False,ENVELOPE_STABILITY,999999999.0000000000,999999999.0000000000,0.3000000000,0.3000000000,0.4000000000,2.0000000000,0.6000000000,103,110,104,110,102,112
4,neighbor,False,ENVELOPE_STABILITY,999999999.0000000000,999999999.0000000000,0.3500000000,0.3500000000,0.4000000000,2.0000000000,0.5000000000,104,110,103,110,104,112
5,neighbor,False,ENVELOPE_STABILITY,999999999.0000000000,999999999.0000000000,0.3250000000,0.3500000000,0.3000000000,1.5000000000,0.4000000000,103,112,103,111,102,110
6,neighbor,False,ENVELOPE_STABILITY,999999999.0000000000,999999999.0000000000,0.3000000000,0.3000000000,0.4000000000,1.5000000000,0.5000000000,104,110,104,110,102,110
7,neighbor,False,ENVELOPE_STABILITY,999999999.0000000000,999999999.0000000000,0.3500000000,0.3500000000,0.3000000000,2.0000000000,0.6000000000,104,110,104,110,104,110
8,neighbor,False,INVALID_GEOMETRY_OR_INPUT,999999999.0000000000,999999999.0000000000,0.3250000000,0.3500000000,0.3000000000,1.5000000000,0.6000000000,104,110,104,110,104,110
9,neighbor,False,ENVELOPE_STABILITY,999999999.0000000000,999999999.0000000000,0.3500000000,0.3500000000,0.4000000000,1.5000000000,0.5000000000,104,111,104,112,103,111
10,neighbor,False,ENVELOPE_STABILITY,999999999.0000000000,999999999.0000000000,0.3000000000,0.3000000000,0.4000000000,2.0000000000,0.4000000000,104,110,103,110,104,111
11,neighbor,False,ENVELOPE_STABILITY,999999999.0000000000,999999999.0000000000,0.3500000000,0.3500000000,0.3000000000,2.0000000000,0.6000000000,104,111,104,111,104,110
12,neighbor,False,ENVELOPE_STABILITY,999999999.0000000000,999999999.0000000000,0.2500000000,0.2500000000,0.4000000000,2.0000000000,0.6000000000,104,112,104,110,104,110
13,neighbor,False,ENVELOPE_STABILITY,999999999.0000000000,999999999.0000000000,0.3000000000,0.3000000000,0.4000000000,2.0000000000,0.4000000000,104,110,104,111,103,111
14,neighbor,False,ENVELOPE_STABILITY,999999999.0000000000,999999999.0000000000,0.3000000000,0.3000000000,0.4000000000,2.0000000000,0.4000000000,104,110,103,111,104,110
15,neighbor,False,ENVELOPE_STABILITY,999999999.0000000000,999999999.0000000000,0.2500000000,0.2500000000,0.4000000000,2.0000000000,0.6000000000,102,110,103,110,104,110
16,neighbor,False,ENVELOPE_STABILITY,999999999.0000000000,999999999.0000000000,0.3500000000,0.3500000000,0.4000000000,2.0000000000,0.6000000000,104,110,103,112,104,110
17,neighbor,False,ENVELOPE_STABILITY,999999999.0000000000,999999999.0000000000,0.3500000000,0.3500000000,0.3000000000,2.0000000000,0.4000000000,104,111,103,112,104,110
18,neighbor,False,ENVELOPE_STABILITY,999999999.0000000000,999999999.0000000000,0.3000000000,0.3000000000,0.4000000000,2.0000000000,0.4000000000,103,110,104,110,103,111
19,neighbor,False,ENVELOPE_STABILITY,999999999.0000000000,999999999.0000000000,0.3000000000,0.3000000000,0.4000000000,2.0000000000,0.6000000000,102,111,104,112,104,110
20,neighbor,False,ENVELOPE_STABILITY,999999999.0000000000,999999999.0000000000,0.3000000000,0.3500000000,0.3500000000,2.0000000000,0.5000000000,102,110,104,110,104,111
21,neighbor,False,ENVELOPE_STABILITY,999999999.0000000000,999999999.0000000000,0.3250000000,0.3500000000,0.4000000000,2.0000000000,0.6000000000,102,110,104,112,104,111
22,reset,False,ENVELOPE_STABILITY,999999999.0000000000,999999999.0000000000,0.3500000000,0.3500000000,0.4000000000,2.0000000000,0.6000000000,104,110,104,110,104,110
23,neighbor,False,ENVELOPE_STABILITY,999999999.0000000000,999999999.0000000000,0.3250000000,0.3500000000,0.4000000000,2.0000000000,0.4000000000,104,110,103,112,103,112
24,neighbor,False,ENVELOPE_STABILITY,999999999.0000000000,999999999.0000000000,0.3250000000,0.3500000000,0.3500000000,2.0000000000,0.4000000000,103,111,104,111,103,110
25,neighbor,False,ENVELOPE_STABILITY,999999999.0000000000,999999999.0000000000,0.3500000000,0.3500000000,0.4000000000,2.0000000000,0.6000000000,104,111,103,111,104,112
26,neighbor,False,ENVELOPE_STABILITY,999999999.0000000000,999999999.0000000000,0.2500000000,0.2500000000,0.4000000000,2.0000000000,0.6000000000,104,112,104,112,102,112
27,neighbor,False,ENVELOPE_STABILITY,999999999.0000000000,999999999.0000000000,0.3250000000,0.3500000000,0.4000000000,1.5000000000,0.4000000000,104,110,103,112,104,110
28,neighbor,False,ENVELOPE_STABILITY,999999999.0000000000,999999999.0000000000,0.3500000000,0.3500000000,0.3000000000,2.0000000000,0.6000000000,103,110,104,110,104,110
29,neighbor,False,ENVELOPE_STABILITY,999999999.0000000000,999999999.0000000000,0.3000000000,0.3000000000,0.3000000000,2.0000000000,0.6000000000,102,110,102,112,104,110
30,neighbor,False,ENVELOPE_STABILITY,999999999.0000000000,999999999.0000000000,0.3500000000,0.3500000000,0.3000000000,2.0000000000,0.6000000000,104,112,104,110,102,110
31,neighbor,False,ENVELOPE_STABILITY,999999999.0000000000,999999999.0000000000,0.3000000000,0.3000000000,0.3000000000,2.0000000000,0.4000000000,104,111,104,112,102,110
32,neighbor,False,ENVELOPE_STABILITY,999999999.0000000000,999999999.0000000000,0.3500000000,0.3500000000,0.3500000000,2.0000000000,0.6000000000,104,111,102,110,104,110
33,neighbor,False,ENVELOPE_STABILITY,999999999.0000000000,999999999.0000000000,0.2500000000,0.2500000000,0.3000000000,2.0000000000,0.4000000000,104,110,104,110,104,110
34,neighbor,False,ENVELOPE_STABILITY,999999999.0000000000,999999999.0000000000,0.3000000000,0.3500000000,0.3000000000,2.0000000000,0.6000000000,104,110,104,110,104,112
35,neighbor,False,ENVELOPE_STABILITY,999999999.0000000000,999999999.0000000000,0.3000000000,0.3000000000,0.3000000000,1.5000000000,0.4000000000,102,110,104,111,102,111
36,neighbor,False,ENVELOPE_STABILITY,999999999.0000000000,999999999.0000000000,0.2500000000,0.2500000000,0.4000000000,1.5000000000,0.6000000000,102,111,104,110,103,110
37,neighbor,False,INVALID_GEOMETRY_OR_INPUT,999999999.0000000000,999999999.0000000000,0.3500000000,0.3500000000,0.4000000000,1.5000000000,0.6000000000,104,110,102,112,104,111
38,neighbor,False,INVALID_GEOMETRY_OR_INPUT,999999999.0000000000,999999999.0000000000,0.3000000000,0.3500000000,0.4000000000,1.5000000000,0.6000000000,104,110,103,110,104,111
39,neighbor,False,ENVELOPE_STABILITY,999999999.0000000000,999999999.0000000000,0.3500000000,0.3500000000,0.3000000000,2.0000000000,0.5000000000,104,110,103,111,102,110
40,neighbor,False,INVALID_GEOMETRY_OR_INPUT,999999999.0000000000,999999999.0000000000,0.3000000000,0.3000000000,0.3500000000,1.5000000000,0.6000000000,103,110,104,112,102,112
41,neighbor,False,ENVELOPE_STABILITY,999999999.0000000000,999999999.0000000000,0.2500000000,0.2500000000,0.4000000000,2.0000000000,0.6000000000,102,110,104,110,104,111
42,neighbor,False,INVALID_GEOMETRY_OR_INPUT,999999999.0000000000,999999999.0000000000,0.3000000000,0.3500000000,0.4000000000,1.5000000000,0.6000000000,102,110,104,111,104,112
43,neighbor,False,ENVELOPE_STABILITY,999999999.0000000000,999999999.0000000000,0.3000000000,0.3500000000,0.4000000000,2.0000000000,0.6000000000,103,110,104,110,104,111
44,neighbor,False,ENVELOPE_STABILITY,999999999.0000000000,999999999.0000000000,0.3500000000,0.3500000000,0.3000000000,2.0000000000,0.6000000000,104,110,103,111,102,110
45,neighbor,False,ENVELOPE_STABILITY,999999999.0000000000,999999999.0000000000,0.3000000000,0.3500000000,0.3000000000,2.0000000000,0.6000000000,104,111,102,111,104,110
46,neighbor,False,ENVELOPE_STABILITY,999999999.0000000000,999999999.0000000000,0.2500000000,0.2500000000,0.4000000000,2.0000000000,0.4000000000,104,112,104,112,103,110
47,neighbor,False,ENVELOPE_STABILITY,999999999.0000000000,999999999.0000000000,0.3250000000,0.3500000000,0.4000000000,2.0000000000,0.5000000000,104,112,104,111,104,111
48,neighbor,False,ENVELOPE_STABILITY,999999999.0000000000,999999999.0000000000,0.3000000000,0.3500000000,0.4000000000,2.0000000000,0.5000000000,104,110,104,111,104,112
49,neighbor,False,ENVELOPE_STABILITY,999999999.0000000000,999999999.0000000000,0.3500000000,0.3500000000,0.4000000000,2.0000000000,0.4000000000,102,110,104,110,104,112
50,neighbor,False,ENVELOPE_STABILITY,999999999.0000000000,999999999.0000000000,0.3000000000,0.3000000000,0.4000000000,1.5000000000,0.5000000000,104,111,104,111,102,112
51,neighbor,False,ENVELOPE_STABILITY,999999999.0000000000,999999999.0000000000,0.3500000000,0.3500000000,0.4000000000,2.0000000000,0.6000000000,102,110,104,110,104,110
52,neighbor,False,ENVELOPE_STABILITY,999999999.0000000000,999999999.0000000000,0.3500000000,0.3500000000,0.4000000000,1.5000000000,0.4000000000,104,110,104,110,104,112
53,neighbor,False,ENVELOPE_STABILITY,999999999.0000000000,999999999.0000000000,0.3500000000,0.3500000000,0.4000000000,2.0000000000,0.5000000000,104,110,102,110,103,110
54,neighbor,False,ENVELOPE_STABILITY,999999999.0000000000,999999999.0000000000,0.3000000000,0.3000000000,0.4000000000,2.0000000000,0.6000000000,104,110,104,112,103,112
55,neighbor,False,ENVELOPE_STABILITY,999999999.0000000000,999999999.0000000000,0.3500000000,0.3500000000,0.4000000000,2.0000000000,0.6000000000,102,110,104,111,104,110
56,neighbor,False,INVALID_GEOMETRY_OR_INPUT,999999999.0000000000,999999999.0000000000,0.3500000000,0.3500000000,0.4000000000,1.5000000000,0.6000000000,104,112,104,110,102,112
57,neighbor,False,ENVELOPE_STABILITY,999999999.0000000000,999999999.0000000000,0.3000000000,0.3000000000,0.4000000000,2.0000000000,0.6000000000,102,111,103,111,104,111
58,neighbor,False,ENVELOPE_STABILITY,999999999.0000000000,999999999.0000000000,0.3500000000,0.3500000000,0.4000000000,2.0000000000,0.5000000000,104,112,104,112,104,110
59,neighbor,False,ENVELOPE_STABILITY,999999999.0000000000,999999999.0000000000,0.3000000000,0.3000000000,0.3000000000,2.0000000000,0.5000000000,104,112,103,110,104,110
60,neighbor,False,ENVELOPE_STABILITY,999999999.0000000000,999999999.0000000000,0.3000000000,0.3500000000,0.3000000000,2.0000000000,0.5000000000,104,111,103,111,104,111
61,neighbor,False,ENVELOPE_STABILITY,999999999.0000000000,999999999.0000000000,0.3000000000,0.3000000000,0.4000000000,1.5000000000,0.4000000000,104,110,103,110,103,110
62,neighbor,False,ENVELOPE_STABILITY,999999999.0000000000,999999999.0000000000,0.3250000000,0.3500000000,0.4000000000,2.0000000000,0.4000000000,104,110,102,110,104,110
63,reset,False,ENVELOPE_STABILITY,999999999.0000000000,999999999.0000000000,0.3500000000,0.3500000000,0.4000000000,2.0000000000,0.6000000000,104,110,104,110,104,110
64,neighbor,False,INVALID_GEOMETRY_OR_INPUT,999999999.0000000000,999999999.0000000000,0.3500000000,0.3500000000,0.3500000000,1.5000000000,0.6000000000,103,110,103,112,104,110
65,neighbor,False,ENVELOPE_STABILITY,999999999.0000000000,999999999.0000000000,0.2500000000,0.2500000000,0.3000000000,1.5000000000,0.6000000000,102,110,104,110,103,110
66,neighbor,False,ENVELOPE_STABILITY,999999999.0000000000,999999999.0000000000,0.3500000000,0.3500000000,0.4000000000,2.0000000000,0.6000000000,104,111,104,110,104,110
67,neighbor,False,INVALID_GEOMETRY_OR_INPUT,999999999.0000000000,999999999.0000000000,0.3500000000,0.3500000000,0.4000000000,1.5000000000,0.6000000000,104,110,103,110,104,110
68,neighbor,False,INVALID_GEOMETRY_OR_INPUT,999999999.0000000000,999999999.0000000000,0.3500000000,0.3500000000,0.3000000000,1.5000000000,0.6000000000,104,110,104,110,103,110
69,neighbor,False,ENVELOPE_STABILITY,999999999.0000000000,999999999.0000000000,0.3500000000,0.3500000000,0.3000000000,2.0000000000,0.6000000000,104,110,104,112,104,110
70,neighbor,False,ENVELOPE_STABILITY,999999999.0000000000,999999999.0000000000,0.3250000000,0.3500000000,0.4000000000,2.0000000000,0.5000000000,102,110,104,110,104,112
71,neighbor,False,INVALID_GEOMETRY_OR_INPUT,999999999.0000000000,999999999.0000000000,0.3500000000,0.3500000000,0.4000000000,1.5000000000,0.6000000000,103,110,104,110,104,110
72,neighbor,False,ENVELOPE_STABILITY,999999999.0000000000,999999999.0000000000,0.2500000000,0.2500000000,0.4000000000,1.5000000000,0.5000000000,104,111,104,111,104,112
73,neighbor,False,ENVELOPE_STABILITY,999999999.0000000000,999999999.0000000000,0.3250000000,0.3500000000,0.4000000000,1.5000000000,0.5000000000,102,110,103,110,104,112
74,neighbor,False,ENVELOPE_STABILITY,999999999.0000000000,999999999.0000000000,0.3500000000,0.3500000000,0.3000000000,1.5000000000,0.5000000000,104,112,103,110,102,111
75,neighbor,False,ENVELOPE_STABILITY,999999999.0000000000,999999999.0000000000,0.3000000000,0.3000000000,0.3000000000,1.5000000000,0.5000000000,102,110,104,110,102,110
76,neighbor,False,ENVELOPE_STABILITY,999999999.0000000000,999999999.0000000000,0.3000000000,0.3000000000,0.4000000000,2.0000000000,0.6000000000,104,112,103,110,103,112
77,neighbor,False,ENVELOPE_STABILITY,999999999.0000000000,999999999.0000000000,0.3500000000,0.3500000000,0.4000000000,1.5000000000,0.5000000000,102,110,104,112,103,110
78,neighbor,False,INVALID_GEOMETRY_OR_INPUT,999999999.0000000000,999999999.0000000000,0.3500000000,0.3500000000,0.3000000000,1.5000000000,0.6000000000,104,110,104,110,104,112
79,neighbor,False,INVALID_GEOMETRY_OR_INPUT,999999999.0000000000,999999999.0000000000,0.3500000000,0.3500000000,0.4000000000,1.5000000000,0.6000000000,104,110,102,110,103,112
80,neighbor,False,ENVELOPE_STABILITY,999999999.0000000000,999999999.0000000000,0.2500000000,0.2500000000,0.3500000000,2.0000000000,0.6000000000,104,110,104,110,104,111
81,neighbor,False,ENVELOPE_STABILITY,999999999.0000000000,999999999.0000000000,0.2500000000,0.2500000000,0.4000000000,1.5000000000,0.5000000000,103,110,104,110,104,110
82,neighbor,False,ENVELOPE_STABILITY,999999999.0000000000,999999999.0000000000,0.3000000000,0.3000000000,0.4000000000,1.5000000000,0.5000000000,103,111,103,111,104,110
83,neighbor,False,ENVELOPE_STABILITY,999999999.0000000000,999999999.0000000000,0.3250000000,0.3500000000,0.3000000000,2.0000000000,0.6000000000,104,110,104,112,104,110
84,neighbor,False,INVALID_GEOMETRY_OR_INPUT,999999999.0000000000,999999999.0000000000,0.3000000000,0.3000000000,0.4000000000,1.5000000000,0.6000000000,104,110,104,112,104,110
85,neighbor,False,ENVELOPE_STABILITY,999999999.0000000000,999999999.0000000000,0.3500000000,0.3500000000,0.4000000000,2.0000000000,0.6000000000,103,110,103,110,104,110
86,neighbor,False,ENVELOPE_STABILITY,999999999.0000000000,999999999.0000000000,0.2500000000,0.2500000000,0.3500000000,2.0000000000,0.6000000000,102,110,104,111,102,110
87,neighbor,False,ENVELOPE_STABILITY,999999999.0000000000,999999999.0000000000,0.2500000000,0.2500000000,0.3000000000,2.0000000000,0.4000000000,102,110,104,110,104,110
88,neighbor,False,ENVELOPE_STABILITY,999999999.0000000000,999999999.0000000000,0.3000000000,0.3000000000,0.3000000000,2.0000000000,0.5000000000,102,110,104,110,102,110
89,neighbor,False,ENVELOPE_STABILITY,999999999.0000000000,999999999.0000000000,0.2500000000,0.2500000000,0.3000000000,2.0000000000,0.5000000000,102,111,104,110,102,110
90,neighbor,False,ENVELOPE_STABILITY,999999999.0000000000,999999999.0000000000,0.3000000000,0.3000000000,0.3000000000,2.0000000000,0.6000000000,102,111,102,111,102,110
91,neighbor,False,ENVELOPE_STABILITY,999999999.0000000000,999999999.0000000000,0.3500000000,0.3500000000,0.4000000000,2.0000000000,0.4000000000,104,111,103,110,104,112
92,neighbor,False,ENVELOPE_STABILITY,999999999.0000000000,999999999.0000000000,0.2500000000,0.2500000000,0.4000000000,1.5000000000,0.6000000000,104,112,104,110,102,112
93,neighbor,False,ENVELOPE_STABILITY,999999999.0000000000,999999999.0000000000,0.3000000000,0.3000000000,0.3000000000,2.0000000000,0.6000000000,103,110,104,110,104,110
94,neighbor,False,INVALID_GEOMETRY_OR_INPUT,999999999.0000000000,999999999.0000000000,0.3000000000,0.3000000000,0.3000000000,1.5000000000,0.6000000000,104,111,104,110,104,110
95,neighbor,False,ENVELOPE_STABILITY,999999999.0000000000,999999999.0000000000,0.3500000000,0.3500000000,0.4000000000,2.0000000000,0.5000000000,104,112,104,110,104,110
96,neighbor,False,ENVELOPE_STABILITY,999999999.0000000000,999999999.0000000000,0.2500000000,0.2500000000,0.4000000000,2.0000000000,0.6000000000,103,112,104,111,104,111
97,neighbor,False,ENVELOPE_STABILITY,999999999.0000000000,999999999.0000000000,0.3250000000,0.3500000000,0.4000000000,2.0000000000,0.6000000000,102,110,102,110,102,110
98,neighbor,False,ENVELOPE_STABILITY,999999999.0000000000,999999999.0000000000,0.3000000000,0.3500000000,0.4000000000,2.0000000000,0.4000000000,104,110,104,112,104,110
99,neighbor,False,INVALID_GEOMETRY_OR_INPUT,999999999.0000000000,999999999.0000000000,0.3500000000,0.3500000000,0.3000000000,1.5000000000,0.6000000000,104,110,104,111,104,110
100,neighbor,False,ENVELOPE_STABILITY,999999999.0000000000,999999999.0000000000,0.3000000000,0.3000000000,0.3000000000,1.5000000000,0.5000000000,102,110,102,110,103,111
101,neighbor,False,INVALID_GEOMETRY_OR_INPUT,999999999.0000000000,999999999.0000000000,0.3500000000,0.3500000000,0.4000000000,1.5000000000,0.6000000000,103,112,102,112,103,112
102,neighbor,False,ENVELOPE_STABILITY,999999999.0000000000,999999999.0000000000,0.3500000000,0.3500000000,0.4000000000,2.0000000000,0.4000000000,104,110,104,110,103,110
103,neighbor,False,ENVELOPE_STABILITY,999999999.0000000000,999999999.0000000000,0.3500000000,0.3500000000,0.3000000000,2.0000000000,0.6000000000,104,110,104,112,104,112
104,neighbor,False,ENVELOPE_STABILITY,999999999.0000000000,999999999.0000000000,0.2500000000,0.2500000000,0.4000000000,2.0000000000,0.6000000000,102,110,102,112,104,112
105,neighbor,False,ENVELOPE_STABILITY,999999999.0000000000,999999999.0000000000,0.3000000000,0.3000000000,0.4000000000,2.0000000000,0.6000000000,102,110,104,110,104,110
106,neighbor,False,ENVELOPE_STABILITY,999999999.0000000000,999999999.0000000000,0.3000000000,0.3500000000,0.3000000000,2.0000000000,0.4000000000,104,112,104,110,104,110
107,neighbor,False,ENVELOPE_STABILITY,999999999.0000000000,999999999.0000000000,0.3500000000,0.3500000000,0.4000000000,2.0000000000,0.4000000000,104,110,104,110,102,111
108,neighbor,False,ENVELOPE_STABILITY,999999999.0000000000,999999999.0000000000,0.2500000000,0.2500000000,0.3000000000,2.0000000000,0.6000000000,104,110,104,112,104,111
109,neighbor,False,ENVELOPE_STABILITY,999999999.0000000000,999999999.0000000000,0.3000000000,0.3500000000,0.3000000000,2.0000000000,0.5000000000,104,112,103,110,103,110
110,neighbor,False,INVALID_GEOMETRY_OR_INPUT,999999999.0000000000,999999999.0000000000,0.3000000000,0.3500000000,0.3000000000,1.5000000000,0.6000000000,104,112,104,110,104,112
111,neighbor,False,ENVELOPE_STABILITY,999999999.0000000000,999999999.0000000000,0.3500000000,0.3500000000,0.4000000000,2.0000000000,0.6000000000,102,110,103,110,104,110
112,neighbor,False,ENVELOPE_STABILITY,999999999.0000000000,999999999.0000000000,0.3000000000,0.3000000000,0.4000000000,1.5000000000,0.5000000000,103,110,104,110,103,111
113,neighbor,False,ENVELOPE_STABILITY,999999999.0000000000,999999999.0000000000,0.3000000000,0.3000000000,0.4000000000,2.0000000000,0.5000000000,103,111,104,112,103,110
114,neighbor,False,ENVELOPE_STABILITY,999999999.0000000000,999999999.0000000000,0.3000000000,0.3000000000,0.4000000000,2.0000000000,0.4000000000,104,110,103,110,102,110
115,neighbor,False,ENVELOPE_STABILITY,999999999.0000000000,999999999.0000000000,0.3250000000,0.3500000000,0.4000000000,2.0000000000,0.5000000000,104,110,104,110,103,111
116,neighbor,False,INVALID_GEOMETRY_OR_INPUT,999999999.0000000000,999999999.0000000000,0.3000000000,0.3000000000,0.3000000000,1.5000000000,0.6000000000,102,111,104,110,104,110
117,neighbor,False,ENVELOPE_STABILITY,999999999.0000000000,999999999.0000000000,0.3000000000,0.3000000000,0.4000000000,2.0000000000,0.6000000000,104,111,102,110,103,110
118,neighbor,False,ENVELOPE_STABILITY,999999999.0000000000,999999999.0000000000,0.3250000000,0.3500000000,0.4000000000,1.5000000000,0.5000000000,104,110,104,110,104,112
119,neighbor,False,ENVELOPE_STABILITY,999999999.0000000000,999999999.0000000000,0.2500000000,0.2500000000,0.4000000000,2.0000000000,0.6000000000,103,110,104,110,102,110
120,neighbor,False,ENVELOPE_STABILITY,999999999.0000000000,999999999.0000000000,0.2500000000,0.2500000000,0.3000000000,2.0000000000,0.6000000000,102,111,103,110,102,110
121,neighbor,False,ENVELOPE_STABILITY,999999999.0000000000,999999999.0000000000,0.2500000000,0.2500000000,0.4000000000,2.0000000000,0.4000000000,104,110,102,110,104,110
122,neighbor,False,ENVELOPE_STABILITY,999999999.0000000000,999999999.0000000000,0.3500000000,0.3500000000,0.3000000000,2.0000000000,0.5000000000,104,111,104,111,104,111
123,neighbor,False,ENVELOPE_STABILITY,999999999.0000000000,999999999.0000000000,0.3000000000,0.3000000000,0.3500000000,1.5000000000,0.5000000000,104,110,103,110,104,110
124,reset,False,ENVELOPE_STABILITY,999999999.0000000000,999999999.0000000000,0.3500000000,0.3500000000,0.4000000000,2.0000000000,0.6000000000,104,110,104,110,104,110
125,neighbor,False,ENVELOPE_STABILITY,999999999.0000000000,999999999.0000000000,0.3500000000,0.3500000000,0.3000000000,2.0000000000,0.6000000000,104,110,104,110,104,110
