No.,Rejected,Passed,Passed and Better value
0,8828.11,,
1,6237.11,,
2,8262.15,,
3,,,5280.88
4,6648.05,,
5,,5311.98,
6,,5289.17,
7,,5737.04,
8,5150.47,,
9,5017.65,,
10,,5433.92,
11,,,5256.00
12,,5782.54,
13,,5280.88,
14,5239.26,,
15,,,4553.60
16,,,4419.20
17,,,3564.57
18,5330.61,,
19,5196.57,,
20,,3755.82,
21,,3564.57,
22,,,3343.05
23,3950.17,,
24,,3716.21,
25,,,3311.95
26,2872.45,,
27,,3608.70,
28,,3341.57,
29,4203.39,,
30,5077.99,,
31,5696.04,,
32,4304.16,,
33,,3394.87,
34,,,3021.71
35,3863.27,,
36,3506.82,,
37,,3456.18,
38,2956.56,,
39,,3425.97,
40,,,3009.27
41,,3181.05,
42,,3034.15,
43,,3140.27,
44,2953.30,,
45,,3140.27,
46,,3104.64,
47,2915.98,,
48,,3030.01,
49,,3202.07,
50,,3672.67,
51,4746.84,,
52,,3181.05,
53,,3672.67,
54,,3052.81,
55,,3195.85,
56,4094.70,,
57,,3866.03,
58,,3096.35,
59,,3221.25,
60,,3299.51,
61,,3179.76,
62,,3009.27,
63,,4031.79,
64,3850.83,,
65,,3038.89,
66,,3350.45,
67,4160.61,,
68,,3631.21,
69,,,2996.84
70,,,2973.14
71,,3026.45,
72,,,2967.22
73,,4051.98,
74,,3115.30,
75,4370.60,,
76,,3362.10,
77,3808.78,,
78,,3637.21,
79,5021.84,,
80,3107.90,,
81,4122.61,,
82,3703.53,,
83,,3091.61,
84,,3371.18,
85,3603.96,,
86,,3241.17,
87,,2973.14,
88,,4129.72,
89,,3026.45,
90,,3388.47,
91,,2996.84,
92,3477.21,,
93,4782.63,,
94,3477.21,,
95,,4185.68,
96,2945.01,,
97,3412.83,,
98,,2967.22,
99,,3153.80,
100,,3630.62,
101,5955.38,,
102,,3589.16,
103,,3274.04,
104,2923.68,,
105,,3264.00,
106,,,2947.32
107,,3118.14,
108,2854.03,,
109,3089.30,,
110,5632.57,,
111,,3172.46,
112,2798.05,,
113,,3767.63,
114,,3545.93,
115,3353.60,,
116,,3133.90,
117,,4640.52,
118,,3066.73,
119,3436.91,,
120,4097.90,,
121,,3244.09,
122,4135.97,,
123,,2947.32,
124,,3111.51,
125,4288.86,,
126,,3274.04,
127,,3066.73,
128,4285.35,,
129,,3133.90,
130,3788.87,,
131,4214.98,,
132,,3899.46,
133,5003.59,,
134,4605.81,,
135,3436.91,,
136,,2972.19,
137,2854.03,,
138,,3274.04,
139,3925.41,,
140,,3610.72,
141,,3095.40,
142,,4034.10,
143,,2947.32,
144,,3148.71,
145,,2991.74,
146,4783.69,,
147,3591.40,,
148,4193.78,,
149,3156.47,,
150,3454.99,,
151,,3178.68,
152,,3274.04,
153,,3545.93,
154,3791.17,,
155,3255.57,,
156,,3221.27,
157,4605.81,,
158,,3196.09,
159,,3150.91,
160,,3342.20,
161,,3555.39,
162,,2947.32,
163,4053.40,,
164,,3000.39,
165,,2967.22,
166,,2992.10,
167,,3062.06,
168,,3111.51,
169,,3879.10,
170,,3172.46,
171,,3610.72,
172,,2972.19,
173,,3110.65,
174,,3221.27,
175,,3105.27,
176,,3545.93,
177,,3311.88,
178,4097.90,,
179,,3244.09,
180,,2972.19,
181,,3558.95,
182,2912.49,,
183,,3023.19,
184,,3237.55,
185,,3148.71,
186,2992.79,,
187,3506.82,,
188,,3105.27,
189,,3048.76,
190,,2979.66,
191,2923.68,,
192,,3351.58,
193,6135.93,,
194,4290.85,,
195,3712.07,,
196,,3569.25,
197,3860.36,,
198,,3569.25,
199,5003.59,,
200,4243.74,,
201,,3237.55,
202,3436.91,,
203,,3440.68,
204,,2947.32,
205,5621.64,,
206,2925.11,,
207,4097.90,,
208,,3016.42,
209,2911.78,,
210,,3095.40,
211,,3244.09,
212,4097.90,,
213,,3196.09,
214,4193.78,,
215,,2979.66,
216,4584.50,,
217,2912.49,,
218,,3095.40,
219,6164.94,,
220,3447.73,,
221,2925.11,,
222,,3274.34,
223,,3646.41,
224,,3062.06,
225,,3228.67,
226,,3105.27,
227,,3273.45,
228,4453.57,,
229,,3232.97,
230,5317.43,,
231,,3228.67,
232,,2967.22,
233,,3133.90,
234,,3545.93,
235,,3469.90,
236,3483.13,,
237,4844.48,,
238,,3610.67,
239,,3290.82,
240,3554.99,,
241,2925.11,,
242,3788.87,,
243,,3274.04,
244,,2953.24,
245,,3191.63,
246,,3023.19,
247,4617.10,,
248,,3207.76,
249,3416.54,,
250,,3439.97,
251,2912.49,,
252,,3105.27,
253,,3508.03,
254,2923.68,,
255,3273.64,,
256,,3293.43,
257,,3178.68,
258,4605.81,,
259,3793.15,,
260,4193.78,,
261,,3610.72,
262,3406.26,,
263,3353.60,,
264,,2953.24,
265,,3133.90,
266,,4417.71,
267,,4286.90,
268,,3612.71,
269,4605.81,,
270,5068.51,,
271,3477.21,,
272,,2947.32,
273,,3767.63,
274,5692.33,,
275,,3339.71,
276,,3105.27,
277,3319.28,,
278,,3178.68,
279,,3274.04,
280,,2953.24,
281,3193.90,,
282,,3804.86,
283,,3023.19,
284,,3999.24,
285,3249.48,,
286,,3930.82,
287,,3075.02,
288,3793.15,,
289,,3429.82,
290,,4142.24,
291,,2972.19,
292,,3023.19,
293,3261.15,,
294,,3133.90,
295,,3147.69,
296,3829.44,,
297,,3089.84,
298,4392.22,,
299,3436.91,,
300,,4303.27,
301,2925.11,,
302,3008.98,,
303,,3652.31,
304,3351.43,,
305,,2947.32,
306,3584.06,,
307,,2972.19,
308,3477.21,,
309,,3253.61,
310,5621.64,,
311,3353.60,,
312,4152.58,,
313,,3237.55,
314,,2972.19,
315,2925.11,,
316,,3793.21,
317,3436.91,,
318,,3001.57,
319,,3133.90,
320,4115.01,,
321,2854.03,,
322,,2992.10,
323,5621.64,,
324,,3000.39,
325,,2972.19,
326,2854.03,,
327,2925.11,,
328,,3062.06,
329,3353.60,,
330,,3071.70,
331,,3133.90,
332,,3016.42,
333,,,2942.34
334,,2942.34,
335,,3049.75,
336,,3143.73,
337,,3337.22,
338,,3874.01,
339,4188.81,,
340,3579.09,,
341,4124.02,,
342,,3663.79,
343,,3142.71,
344,,2947.32,
345,,3107.67,
346,,2942.34,
347,2920.13,,
348,,2942.34,
349,,3192.47,
350,,3128.92,
351,3551.65,,
352,,3465.58,
353,4816.81,,
354,5616.67,,
355,,3001.57,
356,,3090.42,
357,,2971.96,
358,3026.53,,
359,4698.50,,
360,2920.13,,
361,,3122.19,
362,4190.66,,
363,,3540.96,
364,,3232.58,
365,,3231.69,
366,,3530.52,
367,,2942.34,
368,2793.08,,
369,,3090.42,
370,,3228.67,
371,,2979.66,
372,4600.84,,
373,3386.92,,
374,5566.73,,
375,,3346.60,
376,,3084.87,
377,3209.27,,
378,2849.05,,
379,,3119.45,
380,,3379.05,
381,3788.17,,
382,4092.92,,
383,,3023.19,
384,,3066.73,
385,4124.02,,
386,,3337.22,
387,3431.93,,
388,,3075.02,
389,4998.62,,
390,2912.49,,
391,,3183.22,
392,,3268.12,
393,,3128.92,
394,3026.53,,
395,5918.43,,
396,,2979.66,
397,,3216.29,
398,5616.67,,
399,,3000.39,
400,2912.49,,
401,2923.68,,
402,3504.34,,
403,4037.43,,
404,4408.90,,
405,4379.25,,
406,4227.45,,
407,4998.62,,
408,,2953.24,
409,4998.62,,
410,4255.08,,
411,,3124.72,
412,2920.13,,
413,,2979.66,
414,,3191.12,
415,3619.73,,
416,,3062.06,
417,4233.56,,
418,,3128.92,
419,,3143.73,
420,,2967.22,
421,,2992.10,
422,2907.69,,
423,,3075.02,
424,4600.84,,
425,5845.60,,
426,,2942.34,
427,3044.52,,
428,3783.90,,
429,3587.16,,
430,5616.67,,
431,,3191.12,
432,,3110.65,
433,,3852.01,
434,4979.82,,
435,3872.05,,
436,3257.12,,
437,5616.67,,
438,5521.86,,
439,,3066.73,
440,4558.02,,
441,4092.92,,
442,,3075.02,
443,,3738.64,
444,,3460.70,
445,,3090.42,
446,,3337.22,
447,3792.84,,
448,,3597.25,
449,2923.68,,
450,4188.81,,
451,,3376.12,
452,,3000.39,
453,4600.84,,
454,5872.96,,
455,,3754.31,
456,4018.81,,
457,4255.96,,
458,5078.70,,
459,,3814.47,
460,3477.21,,
461,3244.90,,
462,4092.92,,
463,5164.24,,
464,4385.23,,
465,,3362.50,
466,3788.17,,
467,3549.53,,
468,,3062.06,
469,4632.22,,
470,5616.67,,
471,4295.99,,
472,,2947.32,
473,,3826.99,
474,4145.02,,
475,3451.93,,
476,3783.90,,
477,5312.45,,
478,3579.09,,
479,,3471.51,
480,4600.84,,
481,,2942.34,
482,2923.68,,
483,,3110.65,
484,,3172.46,
485,4998.62,,
486,5595.62,,
487,,3223.69,
488,,3378.19,
489,4300.63,,
490,,3339.89,
491,,3191.12,
492,,3084.87,
493,,3276.01,
494,4600.84,,
495,,3516.49,
496,3477.21,,
497,,3172.46,
498,3431.93,,
499,3643.85,,
500,3731.05,,
501,,3000.39,
502,,3435.97,
503,,3274.04,
504,4646.71,,
505,3950.44,,
506,,2992.10,
507,3511.55,,
508,,3110.65,
509,,3564.28,
510,,3075.02,
511,,5004.59,
512,3542.07,,
513,,2942.34,
514,,3440.68,
515,3788.17,,
516,3783.90,,
517,5155.53,,
518,4188.81,,
519,,3810.98,
520,,3810.92,
521,5616.67,,
522,,3110.65,
523,,3239.12,
524,,3128.92,
525,2923.68,,
526,,2967.22,
527,6933.62,,
528,2849.05,,
529,,4211.50,
530,4570.78,,
531,3830.43,,
532,3746.47,,
533,3084.63,,
534,4188.81,,
535,,3878.21,
536,,3066.73,
537,3202.80,,
538,,4208.43,
539,4345.72,,
540,,2986.77,
541,5394.46,,
542,,3420.54,
543,,3627.05,
544,,3090.42,
545,,3143.73,
546,,2948.27,
547,3281.05,,
548,2793.08,,
549,,2979.66,
550,,3223.69,
551,4021.15,,
552,,4087.65,
553,,4011.67,
554,5773.58,,
555,4998.62,,
556,,3111.51,
557,4280.94,,
558,,3540.96,
559,,4142.24,
560,,3062.06,
561,,3564.28,
562,,3605.74,
563,3992.75,,
564,,3038.59,
565,,4320.37,
566,,3066.73,
567,,2942.34,
568,,3148.47,
569,,3884.66,
570,,3312.90,
571,,3191.12,
572,,3100.29,
573,3788.17,,
574,3788.17,,
575,4036.65,,
576,2793.08,,
577,,3142.71,
578,2920.13,,
579,,2948.27,
580,,3540.96,
581,,3540.96,
582,,3110.65,
583,,3750.27,
584,,3100.29,
585,,3191.63,
586,,3084.87,
587,,3011.45,
588,,3564.28,
589,,3507.81,
590,2920.13,,
591,,3605.74,
592,3188.35,,
593,5479.13,,
594,,3147.69,
595,,2992.10,
596,3145.61,,
597,,3346.60,
598,,3111.51,
599,,3066.73,
600,,2942.34,
601,,3178.68,
602,,3062.06,
603,4124.02,,
604,,3191.12,
605,,2967.22,
606,4600.84,,
607,4092.92,,
608,2923.68,,
609,4475.64,,
610,,3075.02,
611,,2967.22,
612,3902.13,,
613,2793.08,,
614,,2967.22,
615,,3395.27,
616,4092.92,,
617,,2942.34,
618,4092.92,,
619,,3111.51,
620,,3191.63,
621,,3346.60,
622,,3337.22,
623,,2967.22,
624,,3216.29,
625,,3075.02,
626,3783.90,,
627,,3644.04,
628,,3404.35,
629,,3084.87,
630,,3066.73,
631,4188.81,,
632,,3232.58,
633,,2942.34,
634,,3379.05,
635,3783.90,,
636,4124.02,,
637,,2971.96,
638,,3346.60,
639,4249.48,,
640,,2942.34,
641,,3000.39,
642,4092.92,,
643,,3100.29,
644,3843.13,,
645,3783.90,,
646,3826.97,,
647,4188.81,,
648,,3128.92,
649,,3509.09,
650,2906.80,,
651,4998.62,,
652,,3540.96,
653,4092.92,,
654,,3960.54,
655,,3337.22,
656,3731.90,,
657,,3111.51,
658,,3128.92,
659,3358.74,,
660,4124.02,,
661,,3577.01,
662,,3128.92,
663,,3586.69,
664,,2942.34,
665,,3111.15,
666,2912.49,,
667,2793.08,,
668,2912.49,,
669,,3110.65,
670,4122.24,,
671,3677.58,,
672,,3242.77,
673,,2942.34,
674,,3067.99,
675,,3143.73,
676,4124.02,,
677,4124.02,,
678,3125.07,,
679,4600.84,,
680,5616.67,,
681,,3337.22,
682,,3274.04,
683,,3062.06,
684,3436.91,,
685,2793.08,,
686,,3586.51,
687,,2957.74,
688,,3066.73,
689,,2971.96,
690,,3066.73,
691,,3564.28,
692,4124.02,,
693,,2948.27,
694,,3796.05,
695,,3540.96,
696,,3488.36,
697,2886.01,,
698,,3161.28,
699,,2971.96,
700,4124.02,,
701,3000.98,,
702,,2947.32,
703,3788.17,,
704,,3066.73,
705,2923.68,,
706,,3128.92,
707,,3232.58,
708,,3337.22,
709,,3178.68,
710,,2942.34,
711,4124.02,,
712,4124.02,,
713,,3066.73,
714,,3100.29,
715,,3090.42,
716,5237.92,,
717,4188.81,,
718,,2971.96,
719,3353.60,,
720,,3001.57,
721,3251.83,,
722,,3000.39,
723,,2967.22,
724,,3605.74,
725,3353.60,,
726,,3111.51,
727,,3235.02,
728,,2942.34,
729,,3142.71,
730,3586.39,,
731,2793.08,,
732,,3605.74,
733,3425.74,,
734,,2979.66,
735,4600.84,,
736,2923.68,,
737,,3525.25,
738,6489.75,,
739,,3216.29,
740,,3223.69,
741,,3191.63,
742,,3274.04,
743,,3084.87,
744,,4022.83,
745,,3062.06,
746,,3090.42,
747,4998.62,,
748,3225.96,,
749,3773.98,,
750,4600.84,,
751,,2979.66,
752,,4634.99,
753,2912.49,,
754,4266.03,,
755,,2967.22,
756,4600.84,,
757,,3128.92,
758,,2942.34,
759,,3337.22,
760,,3879.10,
761,2923.68,,
762,,3232.58,
763,,3564.28,
764,,3564.28,
765,4605.58,,
766,3955.43,,
767,,3191.63,
768,2923.68,,
769,,3191.63,
770,,3191.63,
771,,2967.22,
772,,3111.51,
773,3175.12,,
774,,2971.96,
775,3783.90,,
776,,2967.22,
777,,3100.29,
778,5002.34,,
779,,3191.12,
780,2906.80,,
781,,3110.65,
782,3783.90,,
783,5616.67,,
784,,3089.84,
785,,3128.92,
786,3783.90,,
787,,3346.60,
788,,4067.67,
789,4998.62,,
790,,3849.37,
791,3431.93,,
792,,3038.89,
793,,3111.51,
794,,3038.59,
795,3859.15,,
796,5932.60,,
797,,4330.78,
798,,3066.73,
799,3640.35,,
800,,3232.58,
801,,3111.51,
802,4600.84,,
803,3783.90,,
804,,4023.58,
805,,3191.12,
806,,3337.22,
807,,3480.39,
808,,3380.77,
809,4124.02,,
810,,2971.96,
811,3504.95,,
812,,3191.12,
813,,3038.59,
814,,2942.34,
815,,2979.66,
816,,4013.76,
817,3788.17,,
818,3783.90,,
819,,3114.11,
820,4092.92,,
821,3445.08,,
822,,3191.12,
823,,2942.34,
824,4406.76,,
825,2920.13,,
826,2906.80,,
827,,3011.45,
828,4834.53,,
829,,3000.39,
830,2793.08,,
831,3788.17,,
832,,3626.69,
833,3273.64,,
834,2923.68,,
835,,2986.77,
836,,3066.73,
837,4188.81,,
838,,4121.83,
839,,4733.92,
840,,3605.74,
841,,3346.60,
842,,3066.73,
843,,3564.28,
844,3831.02,,
845,3477.21,,
846,,3462.72,
847,,4104.84,
848,,3418.07,
849,2920.13,,
850,3450.14,,
851,4097.73,,
852,5744.59,,
853,3783.90,,
854,,3540.96,
855,,3337.22,
856,,3212.86,
857,4221.38,,
858,,3111.51,
859,,3223.69,
860,,3232.58,
861,,3011.45,
862,,3090.42,
863,,4027.44,
864,,3247.78,
865,,3467.65,
866,2793.08,,
867,,3273.45,
868,4705.80,,
869,3431.93,,
870,,3346.60,
871,,2942.34,
872,3668.98,,
873,3301.79,,
874,5919.64,,
875,,3066.73,
876,,3285.84,
877,4124.02,,
878,2923.68,,
879,,3023.19,
880,3143.14,,
881,3718.85,,
882,,2942.34,
883,4162.34,,
884,,3454.99,
885,5616.67,,
886,4082.51,,
887,,3142.71,
888,,3216.29,
889,4289.80,,
890,,4217.40,
891,,3522.95,
892,,3475.45,
893,,3111.51,
894,,3110.65,
895,3338.19,,
896,,3274.04,
897,,3232.58,
898,,2942.34,
899,,3011.45,
900,,3090.42,
901,,3472.42,
902,3249.79,,
903,,2942.34,
904,,3540.96,
905,,3066.73,
906,,3232.58,
907,,3111.51,
908,3686.98,,
909,,2942.34,
910,5616.67,,
911,,2942.34,
912,,3564.28,
913,,3470.40,
914,,3075.02,
915,,3938.33,
916,,3066.73,
917,5616.67,,
918,3788.17,,
919,2990.32,,
920,,3178.68,
921,,3084.87,
922,,3075.02,
923,2912.49,,
924,4092.92,,
925,,2942.34,
926,4124.02,,
927,,3346.60,
928,,3537.70,
929,4188.81,,
930,,3279.57,
931,,3142.71,
932,,3279.57,
933,3826.68,,
934,3089.30,,
935,,3346.60,
936,2912.49,,
937,,3066.73,
938,2849.05,,
939,,3564.28,
940,4557.01,,
941,2849.05,,
942,4124.02,,
943,4315.96,,
944,4188.81,,
945,,3178.68,
946,4363.90,,
947,,3192.47,
948,3193.84,,
949,,3346.60,
950,4998.62,,
951,4718.12,,
952,4998.62,,
953,5616.67,,
954,3258.17,,
955,,3337.22,
956,,3110.65,
957,,3325.57,
958,5370.26,,
959,4644.97,,
960,,3062.06,
961,4124.02,,
962,,2973.14,
963,2793.08,,
964,,3191.63,
965,,3011.45,
966,4600.84,,
967,,3011.45,
968,,3346.60,
969,3624.53,,
970,,3337.22,
971,,3328.83,
972,,3337.22,
973,4806.18,,
974,,3142.71,
975,,2971.96,
976,,3178.68,
977,,3056.62,
978,,3392.90,
979,,3665.27,
980,3852.15,,
981,,3540.96,
982,,3346.60,
983,,2986.77,
984,,3116.58,
985,3431.93,,
986,4092.92,,
987,,2942.34,
988,,2942.34,
989,6184.59,,
990,4600.84,,
991,2793.08,,
992,,3276.44,
993,,3084.87,
994,,2992.10,
995,,3075.02,
996,2793.08,,
997,,3346.60,
998,4124.02,,
999,4202.01,,
1000,2793.08,,
1001,4600.84,,
1002,,2967.22,
1003,4600.84,,
1004,3783.90,,
1005,4092.92,,
1006,3981.67,,
1007,3008.52,,
1008,3783.90,,
1009,,3100.29,
1010,5616.67,,
1011,,3142.71,
1012,2912.49,,
1013,4188.81,,
1014,,3066.73,
1015,,3001.57,
1016,,3047.06,
1017,,3716.50,
1018,,3605.74,
1019,,3207.76,
1020,,3191.63,
1021,3782.84,,
1022,,3239.12,
1023,3197.63,,
1024,4330.57,,
1025,,3962.32,
1026,,3011.45,
1027,,3232.58,
1028,4188.81,,
1029,,3080.94,
1030,,3799.37,
1031,,3274.34,
1032,2849.05,,
1033,4600.84,,
1034,,3128.92,
1035,,2948.27,
1036,,3001.57,
1037,2849.05,,
1038,,2948.27,
1039,,3062.78,
1040,,3178.68,
1041,4188.81,,
1042,,3605.74,
1043,,3198.93,
1044,5616.67,,
1045,,3346.60,
1046,,3540.96,
1047,,2942.34,
1048,,3090.42,
1049,,3564.28,
1050,2920.13,,
1051,2906.80,,
1052,,3232.58,
1053,5161.45,,
1054,,3011.45,
1055,,3090.42,
1056,4040.74,,
1057,2862.18,,
1058,,3209.26,
1059,3788.17,,
1060,,3178.68,
1061,,3078.87,
1062,4600.84,,
1063,,3066.73,
1064,,2942.34,
1065,,3564.28,
1066,,2967.22,
1067,,2942.34,
1068,,3564.28,
1069,3650.85,,
1070,,3000.39,
1071,,3066.73,
1072,4998.62,,
1073,,3150.05,
1074,,3232.58,
1075,,2942.34,
1076,,2971.96,
1077,4998.62,,
1078,2793.08,,
1079,3583.42,,
1080,,3066.73,
1081,4998.62,,
1082,,3605.74,
1083,4740.13,,
1084,,2967.22,
1085,,3601.79,
1086,,3011.45,
1087,2920.13,,
1088,5616.67,,
1089,3663.02,,
1090,3353.60,,
1091,3431.93,,
1092,,4154.01,
1093,,3180.61,
1094,,3011.45,
1095,,3216.29,
1096,2912.49,,
1097,2849.05,,
1098,2849.05,,
1099,,3066.73,
1100,2920.13,,
1101,3036.84,,
1102,,2967.22,
1103,,2967.22,
1104,,2942.34,
1105,4600.84,,
1106,,3564.28,
1107,4600.84,,
1108,4092.92,,
1109,,3258.73,
1110,,2942.34,
1111,,3564.28,
1112,4788.21,,
1113,4124.02,,
1114,,3084.87,
1115,,3417.92,
1116,6159.84,,
1117,,3763.47,
1118,,4111.28,
1119,,3564.28,
1120,,3590.56,
1121,4188.81,,
1122,3579.09,,
1123,4244.94,,
1124,3788.17,,
1125,3788.17,,
1126,,3362.50,
1127,3353.60,,
1128,2949.99,,
1129,,2948.27,
1130,,3066.73,
1131,,3023.19,
1132,3126.26,,
1133,4767.70,,
1134,4745.89,,
1135,,3178.68,
1136,,3191.12,
1137,,2986.77,
1138,,3062.06,
1139,,3460.03,
1140,5616.67,,
1141,,2992.10,
1142,4543.21,,
1143,,3346.60,
1144,4559.54,,
1145,3971.79,,
1146,,3191.12,
1147,4027.80,,
1148,,2947.32,
1149,,3564.28,
1150,,3239.12,
1151,2849.05,,
1152,4722.86,,
1153,,3128.92,
1154,,3178.68,
1155,3431.93,,
1156,,3088.35,
1157,,3581.65,
1158,,3767.64,
1159,3943.70,,
1160,4124.02,,
1161,,2979.66,
1162,,3539.43,
1163,,3100.29,
1164,,2942.34,
1165,4188.81,,
1166,,3676.22,
1167,,2942.34,
1168,3773.98,,
1169,3122.56,,
1170,5616.67,,
1171,,3066.73,
1172,,3564.28,
1173,5076.85,,
1174,3854.79,,
1175,,3346.60,
1176,3445.08,,
1177,,3510.05,
1178,,3023.19,
1179,,4493.47,
1180,4345.72,,
1181,,3794.52,
1182,3017.74,,
1183,,3000.39,
1184,3431.93,,
1185,3754.34,,
1186,3106.91,,
1187,,3111.51,
1188,,2942.34,
1189,4092.92,,
1190,,3242.00,
1191,,2967.22,
1192,,2948.27,
1193,4102.01,,
1194,,4360.92,
1195,,3232.58,
1196,,3337.22,
1197,2923.68,,
1198,,3023.19,
1199,6681.15,,
1200,2920.13,,
1201,,4340.92,
1202,3066.21,,
1203,3477.21,,
1204,4907.07,,
1205,,3191.12,
1206,5616.67,,
1207,,5148.90,
1208,,3105.70,
1209,,3346.60,
1210,3380.56,,
1211,,3702.51,
1212,3788.17,,
1213,3578.39,,
1214,6477.30,,
1215,,3001.57,
1216,,3011.45,
1217,4523.04,,
1218,,3011.45,
1219,3456.81,,
1220,,3084.87,
1221,,3000.39,
1222,3169.63,,
1223,4600.84,,
1224,,3605.74,
1225,,3651.28,
1226,,3223.69,
1227,4124.02,,
1228,3579.09,,
1229,,3128.92,
1230,4600.84,,
1231,4621.00,,
1232,,2986.77,
1233,,3337.22,
1234,3783.90,,
1235,,3719.16,
1236,,2948.27,
1237,,3062.06,
1238,,3191.63,
1239,,3274.73,
1240,,3576.61,
1241,,3131.17,
1242,3669.05,,
1243,,3605.74,
1244,4998.62,,
1245,,3232.58,
1246,,3229.74,
1247,4816.84,,
1248,,3540.96,
1249,4600.84,,
1250,,3389.50,
1251,,3627.21,
1252,,3605.74,
1253,,3062.06,
1254,,3100.29,
1255,,3062.06,
1256,,2967.22,
1257,,4001.77,
1258,,3503.52,
1259,,3599.40,
1260,,3605.74,
1261,4092.92,,
1262,4068.73,,
1263,,3274.04,
1264,,2967.22,
1265,,3084.87,
1266,,3110.65,
1267,,3135.83,
1268,,2971.96,
1269,,3976.03,
1270,3431.93,,
1271,4779.71,,
1272,4188.81,,
1273,3678.52,,
1274,,3200.76,
1275,,3110.65,
1276,,3054.88,
1277,,3564.28,
1278,3576.99,,
1279,2920.13,,
1280,4188.81,,
1281,,2967.22,
1282,,2942.34,
1283,4329.00,,
1284,,3232.58,
1285,,2992.10,
1286,,2967.22,
1287,,3945.04,
1288,,4309.57,
1289,3491.97,,
1290,5422.68,,
1291,2849.05,,
1292,4126.80,,
1293,4124.02,,
1294,,3143.73,
1295,,3543.70,
1296,,3540.96,
1297,4998.62,,
1298,3469.25,,
1299,3281.05,,
1300,5312.45,,
1301,,3540.96,
1302,2849.05,,
1303,6465.11,,
1304,2923.68,,
1305,4188.81,,
1306,4126.74,,
1307,3100.20,,
1308,,3594.01,
1309,,3216.29,
1310,,2942.34,
1311,,3023.19,
1312,,3564.28,
1313,,4416.15,
1314,3477.21,,
1315,,3131.17,
1316,,3090.42,
1317,,3062.06,
1318,,4624.90,
1319,5394.46,,
1320,,3232.58,
1321,4277.69,,
1322,,3540.96,
1323,2849.05,,
1324,,3232.58,
1325,,3875.24,
1326,,3000.39,
1327,,2967.22,
1328,5616.67,,
1329,,2979.66,
1330,,3110.65,
1331,,2942.34,
1332,5616.67,,
1333,,3142.71,
1334,,3066.73,
1335,3873.85,,
1336,2956.91,,
1337,4086.82,,
1338,4998.62,,
1339,3985.07,,
1340,3788.17,,
1341,,2992.10,
1342,3579.09,,
1343,,3014.01,
1344,,2967.22,
1345,2931.68,,
1346,,2967.22,
1347,,2942.34,
1348,,3605.74,
1349,,3125.17,
1350,,3564.28,
1351,,3066.73,
1352,3859.85,,
1353,,3038.59,
1354,5616.67,,
1355,,3191.63,
1356,,3100.29,
1357,,3540.96,
1358,3353.60,,
1359,,3038.59,
1360,,3662.01,
1361,3075.97,,
1362,3817.91,,
1363,3319.54,,
1364,,3054.35,
1365,,2979.66,
1366,,2967.22,
1367,2793.08,,
1368,,3574.14,
1369,,3346.60,
1370,2920.13,,
1371,3788.17,,
1372,3075.97,,
1373,3783.90,,
1374,,3594.29,
1375,3579.09,,
1376,,2979.66,
1377,2920.13,,
1378,5616.67,,
1379,3579.09,,
1380,,3111.51,
1381,,3110.65,
1382,2957.45,,
1383,,3178.68,
1384,,3858.07,
1385,,3066.73,
1386,,2967.22,
1387,,3191.12,
1388,,3172.46,
1389,,3404.31,
1390,,3540.96,
1391,3783.90,,
1392,,4006.04,
1393,4233.70,,
1394,3783.90,,
1395,2849.05,,
1396,3431.93,,
1397,,3011.45,
1398,,2992.10,
1399,,3084.87,
1400,,3664.38,
1401,3440.59,,
1402,3070.44,,
1403,3383.21,,
1404,,3128.92,
1405,3546.31,,
1406,2920.13,,
1407,5616.67,,
1408,,3038.59,
1409,,3066.73,
1410,3637.13,,
1411,,3038.59,
1412,,3075.02,
1413,3788.17,,
1414,,3128.92,
1415,,3128.92,
1416,,2986.77,
1417,,3142.71,
1418,,3178.68,
1419,3579.09,,
1420,,2967.22,
1421,,2967.22,
1422,2906.80,,
1423,5616.67,,
1424,4559.26,,
1425,,3191.12,
1426,,3307.11,
1427,3386.92,,
1428,5746.98,,
1429,,3030.01,
1430,,3066.73,
1431,2793.08,,
1432,2901.47,,
1433,,2979.66,
1434,,2967.22,
1435,3477.21,,
1436,4124.02,,
1437,,3508.90,
1438,,3221.25,
1439,,3346.60,
1440,3571.19,,
1441,,3090.42,
1442,3579.09,,
1443,3783.90,,
1444,3867.25,,
1445,,3173.94,
1446,3095.06,,
1447,4188.98,,
1448,4152.58,,
1449,,3143.51,
1450,,3172.46,
1451,2793.08,,
1452,,3000.39,
1453,,3038.59,
1454,,2942.34,
1455,4124.02,,
1456,,3000.39,
1457,,2942.34,
1458,,3274.04,
1459,,3112.95,
1460,2793.08,,
1461,2950.28,,
1462,,2992.10,
1463,,3279.96,
1464,2836.32,,
1465,,3337.22,
1466,4124.02,,
1467,,3216.88,
1468,,2942.34,
1469,2793.08,,
1470,,3100.29,
1471,,3505.93,
1472,,2948.27,
1473,,3811.09,
1474,,2967.22,
1475,3937.17,,
1476,4188.81,,
1477,4198.13,,
1478,,2947.32,
1479,3560.72,,
1480,3353.60,,
1481,,3100.29,
1482,2920.13,,
1483,,3178.68,
1484,,2942.34,
1485,,3038.59,
1486,3477.21,,
1487,,2948.27,
1488,,3392.86,
1489,5569.28,,
1490,,3605.74,
1491,,3564.28,
1492,,3337.22,
1493,3055.71,,
1494,2923.68,,
1495,,3786.00,
1496,4004.04,,
1497,,2942.34,
1498,3477.21,,
1499,,3309.48,
1500,,2979.66,
1501,,2979.66,
1502,3579.09,,
1503,,2978.12,
1504,,3062.06,
1505,,3239.12,
1506,3060.57,,
1507,,3001.57,
1508,,3072.65,
1509,,3090.42,
1510,3551.65,,
1511,,3100.29,
1512,,3066.73,
1513,,3066.73,
1514,3783.90,,
1515,,2967.22,
1516,4600.84,,
1517,,3062.06,
1518,,3134.62,
1519,,3000.39,
1520,,3111.51,
1521,,3223.69,
1522,,2948.27,
1523,5727.15,,
1524,,3172.46,
1525,2849.05,,
1526,,2979.66,
1527,3193.84,,
1528,,2942.34,
1529,,3564.28,
1530,,2971.96,
1531,,3239.12,
1532,,3110.65,
1533,,2942.34,
1534,4600.84,,
1535,,3191.12,
1536,,3191.12,
1537,4692.65,,
1538,2849.05,,
1539,2956.85,,
1540,,3274.04,
1541,,3142.71,
1542,,3497.86,
1543,4124.02,,
1544,,3223.69,
1545,4316.30,,
1546,,3216.29,
1547,,2996.20,
1548,2923.68,,
1549,2906.80,,
1550,,3141.12,
1551,2912.49,,
1552,4844.93,,
1553,,3563.69,
1554,,2948.27,
1555,3353.60,,
1556,3749.67,,
1557,,3172.46,
1558,,3191.12,
1559,3788.17,,
1560,,3223.69,
1561,,3143.73,
1562,2906.80,,
1563,,3111.51,
1564,,3191.63,
1565,,3346.60,
1566,4188.81,,
1567,4998.62,,
1568,,3191.63,
1569,,3090.42,
1570,,3216.29,
1571,,2979.66,
1572,,2942.34,
1573,4600.84,,
1574,,4122.73,
1575,2912.49,,
1576,3005.97,,
1577,,3192.47,
1578,,3110.65,
1579,3431.93,,
1580,3243.79,,
1581,,3593.01,
1582,,3111.51,
1583,,3337.22,
1584,,3337.22,
1585,4889.22,,
1586,,3011.45,
1587,5654.47,,
1588,2849.05,,
1589,6085.99,,
1590,,3564.28,
1591,3294.47,,
1592,,3216.29,
1593,,3011.45,
1594,4600.84,,
1595,,2967.22,
1596,,2948.27,
1597,,3023.19,
1598,,4056.05,
1599,,3346.60,
1600,3670.70,,
1601,,2986.77,
1602,,3368.22,
1603,,3754.31,
1604,,4359.75,
1605,6094.53,,
1606,,3084.87,
1607,,2942.34,
1608,,2948.27,
1609,,3605.74,
1610,3783.90,,
1611,4124.02,,
1612,4803.41,,
1613,,3438.28,
1614,2906.80,,
1615,,3142.71,
1616,3561.07,,
1617,3276.46,,
1618,4092.92,,
1619,,3408.29,
1620,3353.60,,
1621,4188.81,,
1622,4600.84,,
1623,2849.05,,
1624,4793.28,,
1625,4188.81,,
1626,,2967.22,
1627,,3216.29,
1628,,3605.74,
1629,2906.80,,
1630,4092.92,,
1631,,4131.01,
1632,,2942.34,
1633,,3612.33,
1634,,3100.29,
1635,5443.57,,
1636,5155.53,,
1637,5078.70,,
1638,,2986.77,
1639,2906.80,,
1640,3363.07,,
1641,,3128.92,
1642,,3084.87,
1643,5965.81,,
1644,4600.84,,
1645,,3084.87,
1646,,3001.57,
1647,,3051.33,
1648,4092.92,,
1649,,3066.73,
1650,3872.05,,
1651,,3090.42,
1652,5843.43,,
1653,3353.60,,
1654,,3142.71,
1655,,3239.12,
1656,,4648.75,
1657,,3337.22,
1658,3579.09,,
1659,3431.93,,
1660,,3605.74,
1661,,3415.90,
1662,,4000.79,
1663,,2967.22,
1664,,3974.52,
1665,3579.09,,
1666,,2967.22,
1667,,2971.96,
1668,3854.79,,
1669,,3239.12,
1670,5315.63,,
1671,4124.02,,
1672,4249.84,,
1673,5431.41,,
1674,2849.05,,
1675,,3605.74,
1676,,2967.22,
1677,,3460.44,
1678,2793.08,,
1679,,3339.71,
1680,,4170.08,
1681,3783.90,,
1682,,3482.76,
1683,,3191.63,
1684,3401.98,,
1685,,3191.12,
1686,3731.05,,
1687,,3062.06,
1688,4124.02,,
1689,,3223.69,
1690,3554.99,,
1691,,3178.68,
1692,4146.48,,
1693,,4393.35,
1694,4362.95,,
1695,4497.99,,
1696,4914.67,,
1697,,3062.06,
1698,3801.20,,
1699,,4881.33,
1700,,3540.96,
1701,,3124.14,
1702,,3066.73,
1703,,2979.66,
1704,3431.93,,
1705,3431.93,,
1706,,3389.50,
1707,,3285.90,
1708,,3564.28,
1709,,3001.57,
1710,,3656.20,
1711,,2992.10,
1712,,3000.39,
1713,2912.49,,
1714,,3223.65,
1715,,2992.10,
1716,,3232.58,
1717,,3191.63,
1718,,3564.28,
1719,,3388.58,
1720,,3075.02,
1721,3332.09,,
1722,,2947.32,
1723,5876.40,,
1724,,3038.59,
1725,,2942.34,
1726,,2967.22,
1727,,3075.02,
1728,3693.11,,
1729,4092.92,,
1730,3395.39,,
1731,,3798.47,
1732,4903.00,,
1733,5607.45,,
1734,,3128.92,
1735,,3631.01,
1736,3444.47,,
1737,,4315.79,
1738,,3216.29,
1739,,3191.12,
1740,,3172.46,
1741,,3178.68,
1742,,3346.60,
1743,4124.02,,
1744,,3191.63,
1745,,3100.29,
1746,4188.81,,
1747,,2948.27,
1748,,2967.22,
1749,,3110.65,
1750,3369.92,,
1751,,2948.27,
1752,3788.17,,
1753,3353.60,,
1754,,3346.60,
1755,4600.84,,
1756,,3933.78,
1757,4261.76,,
1758,,2967.22,
1759,3783.90,,
1760,4124.02,,
1761,,3346.60,
1762,,3450.15,
1763,3579.09,,
1764,,2992.10,
1765,,3564.28,
1766,3462.58,,
1767,2793.08,,
1768,5673.31,,
1769,3353.60,,
1770,,2942.34,
1771,2920.13,,
1772,,3856.67,
1773,2972.43,,
1774,3504.95,,
1775,,2979.66,
1776,,3110.65,
1777,4329.48,,
1778,,3346.60,
1779,3281.05,,
1780,,3066.73,
1781,,2942.34,
1782,,2947.32,
1783,4188.81,,
1784,3830.31,,
1785,,3066.73,
1786,3353.60,,
1787,3390.58,,
1788,,3172.46,
1789,,3143.73,
1790,5616.67,,
1791,,3239.12,
1792,,2971.96,
1793,,3143.73,
1794,,2992.10,
1795,,3128.92,
1796,,3501.10,
1797,3788.17,,
1798,4998.62,,
1799,,2979.66,
1800,4092.92,,
1801,3788.17,,
1802,,3346.60,
1803,2906.80,,
1804,,3336.83,
1805,,3540.96,
1806,,3542.46,
1807,4188.81,,
1808,,2947.32,
1809,,3239.12,
1810,,3001.57,
1811,,3001.57,
1812,,3678.26,
1813,,3346.60,
1814,3101.40,,
1815,4644.79,,
1816,5937.61,,
1817,4252.06,,
1818,4266.03,,
1819,2912.49,,
1820,4600.84,,
1821,,3768.85,
1822,,3721.20,
1823,,3232.58,
1824,,3697.87,
1825,,3239.12,
1826,,3110.65,
1827,2849.05,,
1828,,3011.45,
1829,5685.36,,
1830,,3881.66,
1831,3847.84,,
1832,,3066.73,
1833,,2942.34,
1834,,3111.51,
1835,4268.94,,
1836,,3564.28,
1837,,3001.57,
1838,4188.81,,
1839,4998.62,,
1840,2923.68,,
1841,4850.46,,
1842,,3111.51,
1843,,2942.34,
1844,4998.62,,
1845,3437.71,,
1846,3431.93,,
1847,,2967.22,
1848,2849.05,,
1849,,3216.29,
1850,,3232.58,
1851,3477.21,,
1852,2915.15,,
1853,,3670.30,
1854,,2967.22,
1855,2906.80,,
1856,,3111.51,
1857,,3084.87,
1858,,3216.29,
1859,4121.13,,
1860,,2947.32,
1861,,3336.01,
1862,,3191.12,
1863,,3337.22,
1864,5616.67,,
1865,,3605.74,
1866,3318.56,,
1867,,2967.22,
1868,,3216.29,
1869,,3110.65,
1870,,3564.28,
1871,,3084.87,
1872,,3021.71,
1873,,3605.74,
1874,,3232.58,
1875,,2967.22,
1876,,3191.12,
1877,2923.68,,
1878,5830.26,,
1879,,2967.22,
1880,,3179.76,
1881,,3318.47,
1882,,3066.73,
1883,4124.02,,
1884,3093.38,,
1885,,3084.87,
1886,,3011.45,
1887,2945.01,,
1888,,3104.64,
1889,,3172.46,
1890,4092.92,,
1891,,3564.30,
1892,,3661.73,
1893,,3178.68,
1894,3320.36,,
1895,,3090.42,
1896,5616.67,,
1897,4364.90,,
1898,2793.08,,
1899,,2942.34,
1900,4145.08,,
1901,5172.02,,
1902,4124.02,,
1903,3579.09,,
1904,,3322.51,
1905,,3618.77,
1906,3788.17,,
1907,,3232.58,
1908,,3142.71,
1909,,3540.96,
1910,3579.09,,
1911,,3100.29,
1912,,3118.14,
1913,,3327.05,
1914,,2942.34,
1915,,3274.04,
1916,,3075.02,
1917,4099.01,,
1918,,3239.12,
1919,,3232.58,
1920,,3033.56,
1921,5616.67,,
1922,,4027.59,
1923,,3564.28,
1924,,3066.73,
1925,,3143.73,
1926,2906.80,,
1927,,3540.96,
1928,,3232.58,
1929,5616.67,,
1930,,3142.71,
1931,,3135.83,
1932,,3084.87,
1933,,3605.74,
1934,,3255.03,
1935,,3143.73,
1936,5595.70,,
1937,2906.80,,
1938,,2948.27,
1939,,3191.63,
1940,,2967.22,
1941,,3346.60,
1942,,3564.28,
1943,,3191.63,
1944,,3178.68,
1945,3034.52,,
1946,,3540.96,
1947,,3564.28,
1948,,4007.29,
1949,4998.62,,
1950,,3239.12,
1951,3788.17,,
1952,,3651.05,
1953,,3605.74,
1954,,2942.34,
1955,3788.17,,
1956,3469.25,,
1957,5376.81,,
1958,3783.90,,
1959,,3090.42,
1960,,3075.02,
1961,,3090.42,
1962,2920.13,,
1963,,3346.60,
1964,,3085.63,
1965,4188.81,,
1966,,3178.68,
1967,3584.06,,
1968,3680.96,,
1969,,3110.65,
1970,,3239.12,
1971,,3075.02,
1972,,3239.12,
1973,,3001.57,
1974,,3066.73,
1975,2912.49,,
1976,6321.53,,
1977,2926.23,,
1978,,3564.28,
1979,,2986.77,
1980,,3564.28,
1981,,2942.34,
1982,,3100.29,
1983,,3066.73,
1984,3167.45,,
1985,,3075.02,
1986,,3191.63,
1987,,3172.16,
1988,,3260.74,
1989,3814.13,,
1990,3477.21,,
1991,,2947.32,
1992,,3172.46,
1993,,3416.57,
1994,,2948.27,
1995,,3324.19,
1996,5616.67,,
1997,,3666.69,
1998,,3931.89,
1999,,3142.71,
2000,3783.90,,
2001,,3110.65,
2002,2923.68,,
2003,,3540.96,
2004,,3172.46,
2005,,3310.84,
2006,,3178.68,
2007,,3239.12,
2008,,3105.70,
2009,3102.86,,
2010,2923.68,,
2011,,2992.39,
2012,3238.26,,
2013,,3001.57,
2014,,3723.24,
2015,,3172.46,
2016,3573.46,,
2017,4868.75,,
2018,,3011.45,
2019,4600.84,,
2020,,3564.28,
2021,,2948.27,
2022,,3011.45,
2023,,3084.87,
2024,,3191.63,
2025,,3024.08,
2026,,3125.17,
2027,,3223.69,
2028,,3110.65,
2029,,3223.69,
2030,,3387.84,
2031,4147.42,,
2032,3662.05,,
2033,,3100.29,
2034,4998.62,,
2035,3748.25,,
2036,,2967.22,
2037,4600.84,,
2038,,3038.59,
2039,4998.62,,
2040,2793.08,,
2041,4703.31,,
2042,3698.81,,
2043,,3216.68,
2044,,3605.74,
2045,,3110.65,
2046,,2967.22,
2047,,3842.08,
2048,,3412.17,
2049,4998.62,,
2050,,3062.06,
2051,3477.21,,
2052,3876.32,,
2053,2923.68,,
2054,4600.84,,
2055,3703.47,,
2056,3477.21,,
2057,,3663.79,
2058,,3564.28,
2059,,3110.65,
2060,4427.08,,
2061,,3360.82,
2062,,3011.45,
2063,3579.09,,
2064,2920.13,,
2065,,3191.12,
2066,,3640.39,
2067,,3084.87,
2068,6438.69,,
2069,,3564.28,
2070,3788.17,,
2071,,3191.12,
2072,3579.09,,
2073,,3311.55,
2074,,3267.10,
2075,,2942.34,
2076,,2942.34,
2077,,3023.19,
2078,,3128.92,
2079,,2967.22,
2080,,3111.51,
2081,5616.67,,
2082,,3211.03,
2083,,3062.06,
2084,,3066.73,
2085,3454.99,,
2086,3477.21,,
2087,,3637.23,
2088,,3023.19,
2089,,3488.41,
2090,,3051.33,
2091,,3000.39,
2092,2925.11,,
2093,,2967.22,
2094,,3564.28,
2095,4600.84,,
2096,,3000.39,
2097,,3605.74,
2098,3788.17,,
2099,2953.30,,
2100,3843.19,,
2101,5315.01,,
2102,,3239.12,
2103,,3141.12,
2104,,3446.17,
2105,,3232.58,
2106,2849.05,,
2107,3452.03,,
2108,,3000.39,
2109,,3276.44,
2110,,3001.57,
2111,5293.65,,
2112,5616.67,,
2113,3993.71,,
2114,,2942.34,
2115,6563.68,,
2116,3151.82,,
2117,,3712.77,
2118,,4158.51,
2119,,3564.28,
2120,,3923.81,
2121,,3564.28,
2122,3392.11,,
2123,,2942.34,
2124,,3540.96,
2125,,3066.73,
2126,2912.49,,
2127,5937.61,,
2128,5059.69,,
2129,4425.81,,
2130,4998.62,,
2131,,3191.63,
2132,,2942.34,
2133,4309.05,,
2134,,3143.73,
2135,,2992.10,
2136,,3172.46,
2137,,4755.66,
2138,2920.13,,
2139,3106.91,,
2140,,4393.53,
2141,,3232.97,
2142,4502.64,,
2143,,3202.37,
2144,,3564.28,
2145,,3223.69,
2146,,3090.42,
2147,,3222.94,
2148,2849.05,,
2149,2953.30,,
2150,,3191.12,
2151,3037.51,,
2152,3788.17,,
2153,,3343.15,
2154,,3928.82,
2155,,3066.73,
2156,3783.90,,
2157,4998.62,,
2158,4909.96,,
2159,,3038.59,
2160,,3972.46,
2161,,3066.73,
2162,,3011.45,
2163,,2979.66,
2164,,2979.66,
2165,6308.66,,
2166,2849.05,,
2167,4584.65,,
2168,,4024.44,
2169,4280.94,,
2170,,4544.10,
2171,3783.90,,
2172,,3178.68,
2173,,3111.51,
2174,,3191.12,
2175,,3038.59,
2176,,2986.77,
2177,2849.05,,
2178,3579.09,,
2179,,2967.22,
2180,,3540.96,
2181,,3564.28,
2182,,3001.57,
2183,3490.89,,
2184,2923.68,,
2185,4280.94,,
2186,,3278.58,
2187,5461.35,,
2188,4998.62,,
2189,2912.49,,
2190,,3090.42,
2191,,3111.51,
2192,,3820.81,
2193,,4455.61,
2194,2923.68,,
2195,,3062.06,
2196,3701.59,,
2197,2976.70,,
2198,,3854.17,
2199,,3605.74,
2200,,3540.96,
2201,,3762.66,
2202,,3001.57,
2203,,2967.22,
2204,,3232.58,
2205,2906.80,,
2206,3178.63,,
2207,,2967.22,
2208,5310.20,,
2209,3353.60,,
2210,,3232.58,
2211,,3172.46,
2212,4502.64,,
2213,3184.63,,
2214,3123.00,,
2215,,3066.73,
2216,,3066.73,
2217,,3038.59,
2218,,3128.92,
2219,2849.05,,
2220,,4164.03,
2221,3431.93,,
2222,,3240.87,
2223,3477.21,,
2224,4802.84,,
2225,3477.21,,
2226,,3142.71,
2227,3668.27,,
2228,,3128.92,
2229,,3092.30,
2230,,3128.92,
2231,,3100.29,
2232,,3143.43,
2233,5476.48,,
2234,4882.14,,
2235,4645.09,,
2236,,3540.96,
2237,,2942.34,
2238,,3346.60,
2239,3114.02,,
2240,,3894.78,
2241,4259.18,,
2242,,2967.22,
2243,,2942.34,
2244,3985.91,,
2245,,2967.22,
2246,4600.84,,
2247,,2979.66,
2248,2849.05,,
2249,4124.02,,
2250,,3223.69,
2251,,2992.10,
2252,,3472.99,
2253,2923.68,,
2254,,3605.74,
2255,,3023.19,
2256,3783.90,,
2257,3431.93,,
2258,,3966.17,
2259,3579.09,,
2260,3256.18,,
2261,,3216.29,
2262,,3223.69,
2263,,4471.94,
2264,,3223.69,
2265,,4129.57,
2266,,3128.92,
2267,,4325.04,
2268,,3519.85,
2269,5363.66,,
2270,,4958.50,
2271,2906.80,,
2272,,2947.32,
2273,2793.08,,
2274,3985.79,,
2275,,3540.96,
2276,,3232.58,
2277,2793.08,,
2278,,3667.27,
2279,4998.62,,
2280,,3337.22,
2281,,3232.58,
2282,,3727.14,
2283,,3564.28,
2284,,2942.34,
2285,,3437.52,
2286,,2942.34,
2287,,3023.19,
2288,,3239.12,
2289,3253.61,,
2290,2849.05,,
2291,4406.76,,
2292,4998.62,,
2293,,3232.58,
2294,4092.92,,
2295,2920.13,,
2296,,3066.73,
2297,5215.66,,
2298,3162.89,,
2299,,3088.64,
2300,,3191.63,
2301,4914.67,,
2302,,2942.34,
2303,,3038.59,
2304,3544.59,,
2305,4608.92,,
2306,3788.17,,
2307,,2992.10,
2308,,3223.69,
2309,2793.08,,
2310,,2942.34,
2311,,3090.42,
2312,,4215.97,
2313,3579.09,,
2314,,3100.29,
2315,,3090.42,
2316,,3232.58,
2317,,3232.58,
2318,,3100.29,
2319,,3038.59,
2320,4142.51,,
2321,3481.95,,
2322,,3111.51,
2323,2849.05,,
2324,5616.67,,
2325,,3512.00,
2326,,4153.31,
2327,4188.81,,
2328,,3605.74,
2329,3579.09,,
2330,,2942.34,
2331,,2971.96,
2332,,2942.34,
2333,,3124.14,
2334,2849.05,,
2335,,2942.34,
2336,,3477.64,
2337,3363.07,,
2338,2964.85,,
2339,4097.73,,
2340,,3304.45,
2341,,3216.29,
2342,,4428.45,
2343,,2967.22,
2344,3244.54,,
2345,,3605.74,
2346,3259.13,,
2347,,3519.23,
2348,,3540.96,
2349,4092.92,,
2350,,2979.66,
2351,,3564.28,
2352,,3223.69,
2353,,3090.42,
2354,,3192.99,
2355,,3540.96,
2356,4240.52,,
2357,,3066.73,
2358,,3372.09,
2359,3114.02,,
2360,,2947.32,
2361,,2992.10,
2362,,2967.22,
2363,,3090.42,
2364,3023.98,,
2365,3353.60,,
2366,2920.13,,
2367,,3084.87,
2368,,2978.28,
2369,4092.92,,
2370,,3264.48,
2371,3000.15,,
2372,,3143.73,
2373,3351.44,,
2374,,3142.71,
2375,,3066.73,
2376,,3838.88,
2377,4904.75,,
2378,4188.81,,
2379,4001.59,,
2380,,2992.10,
2381,,3555.39,
2382,3353.60,,
2383,4188.81,,
2384,,3346.60,
2385,,2948.27,
2386,,4322.17,
2387,,3644.83,
2388,,3128.92,
2389,,3084.87,
2390,,3522.95,
2391,,2967.22,
2392,4092.92,,
2393,3555.29,,
2394,,3564.28,
2395,3162.89,,
2396,3281.05,,
2397,3631.51,,
2398,3932.99,,
2399,,2971.96,
2400,4981.93,,
2401,,3346.60,
2402,,3231.69,
2403,,3300.89,
2404,,3124.14,
2405,3448.02,,
2406,,3232.58,
2407,2849.05,,
2408,,3084.87,
2409,,3191.12,
2410,,3469.27,
2411,,3861.52,
2412,,3062.06,
2413,,3062.06,
2414,,3834.30,
2415,,2942.34,
2416,,3337.22,
2417,,3100.29,
2418,,3009.27,
2419,3262.44,,
2420,2849.05,,
2421,5616.67,,
2422,,3117.43,
2423,,3191.12,
2424,,3110.65,
2425,4981.03,,
2426,3787.94,,
2427,,2942.34,
2428,,3110.65,
2429,,3148.71,
2430,,3559.34,
2431,,2967.22,
2432,,3845.63,
2433,3477.21,,
2434,4514.36,,
2435,,2942.34,
2436,,3043.57,
2437,3431.93,,
2438,,3216.29,
2439,,3922.99,
2440,,3038.59,
2441,,3197.56,
2442,,3625.06,
2443,,2992.10,
2444,,3223.69,
2445,,3239.12,
2446,,2942.34,
2447,,3564.28,
2448,3564.61,,
2449,3181.82,,
2450,2849.05,,
2451,5719.14,,
2452,2912.49,,
2453,,3275.39,
2454,,3845.50,
2455,2906.80,,
2456,4998.62,,
2457,3210.37,,
2458,,3100.29,
2459,3431.93,,
2460,,3178.68,
2461,,3038.59,
2462,,3075.02,
2463,,3096.46,
2464,,3104.64,
2465,2906.80,,
2466,,3090.42,
2467,3342.94,,
2468,,3565.63,
2469,4998.62,,
2470,,3001.57,
2471,,3356.37,
2472,2793.08,,
2473,,3094.57,
2474,,3106.49,
2475,2906.80,,
2476,,3178.68,
2477,,3568.31,
2478,,3110.65,
2479,,3066.73,
2480,,2948.27,
2481,5086.28,,
2482,,3232.58,
2483,5616.67,,
2484,6137.91,,
2485,,3564.28,
2486,2981.82,,
2487,,3191.12,
2488,3353.60,,
2489,3075.97,,
2490,,3096.35,
2491,,3346.60,
2492,2920.13,,
2493,,2971.96,
2494,,3128.92,
2495,2923.68,,
2496,3353.60,,
2497,,3818.09,
2498,2793.08,,
2499,4998.62,,
2500,,3128.92,
2501,4239.58,,
2502,4998.62,,
2503,,3023.19,
2504,,3526.47,
2505,,3232.58,
2506,,3178.68,
2507,,3564.28,
2508,,3100.29,
2509,5616.67,,
2510,4188.81,,
2511,,3370.29,
2512,,3232.58,
2513,3477.21,,
2514,,3153.92,
2515,,3066.73,
2516,,3066.73,
2517,4188.81,,
2518,4998.62,,
2519,3772.92,,
2520,,3191.12,
2521,,3090.42,
2522,4080.30,,
2523,3431.93,,
2524,4998.62,,
2525,,3191.63,
2526,,3075.02,
2527,,3021.71,
2528,,3191.12,
2529,,3216.29,
2530,2906.80,,
2531,,3580.57,
2532,,3142.71,
2533,3092.57,,
2534,,3110.65,
2535,4287.50,,
2536,,3055.55,
2537,4363.04,,
2538,,3416.79,
2539,3020.62,,
2540,,3232.58,
2541,3309.62,,
2542,3124.05,,
2543,,3210.14,
2544,,3061.20,
2545,,3066.73,
2546,5616.67,,
2547,4478.69,,
2548,,2942.34,
2549,,3011.45,
2550,,2942.34,
2551,3734.90,,
2552,4559.44,,
2553,,3023.19,
2554,5616.67,,
2555,,3062.06,
2556,3788.17,,
2557,,2942.34,
2558,4092.92,,
2559,,3262.39,
2560,,2992.10,
2561,3777.88,,
2562,,3128.92,
2563,2920.13,,
2564,,3332.68,
2565,,3222.94,
2566,,3259.59,
2567,4371.83,,
2568,3773.98,,
2569,,3178.68,
2570,3402.08,,
2571,,3381.19,
2572,,3221.25,
2573,,3066.73,
2574,3990.34,,
2575,3360.68,,
2576,4182.67,,
2577,3662.05,,
2578,,3128.92,
2579,,3564.28,
2580,,3066.73,
2581,,3075.02,
2582,3382.16,,
2583,2923.68,,
2584,5169.14,,
2585,3579.09,,
2586,3711.63,,
2587,3711.77,,
2588,,2967.22,
2589,2793.08,,
2590,,3172.46,
2591,,3011.45,
2592,,3196.09,
2593,3579.09,,
2594,,2986.77,
2595,,3337.22,
2596,,3564.28,
2597,,3066.73,
2598,3169.42,,
2599,,3861.05,
2600,,3038.59,
2601,,3172.46,
2602,,3066.73,
2603,3477.21,,
2604,4998.62,,
2605,3477.21,,
2606,4134.92,,
2607,2906.80,,
2608,3671.92,,
2609,,3241.17,
2610,,3223.10,
2611,,3172.46,
2612,2920.13,,
2613,,3588.86,
2614,2906.80,,
2615,,3142.71,
2616,,3191.63,
2617,4600.84,,
2618,,3540.96,
2619,,3191.12,
2620,,3431.99,
2621,2849.05,,
2622,4634.30,,
2623,3477.21,,
2624,,3627.36,
2625,,3337.22,
2626,2920.13,,
2627,,3216.29,
2628,4434.43,,
2629,,2992.10,
2630,4600.84,,
2631,4508.73,,
2632,5244.13,,
2633,3813.28,,
2634,,2947.32,
2635,2920.13,,
2636,,3473.36,
2637,,2986.77,
2638,2901.47,,
2639,,2967.22,
2640,,3939.29,
2641,4124.02,,
2642,5323.38,,
2643,2849.05,,
2644,,3172.56,
2645,,3618.77,
2646,,3223.69,
2647,3433.38,,
2648,,2942.34,
2649,,3143.73,
2650,,3184.01,
2651,3788.17,,
2652,,3232.58,
2653,,3128.92,
2654,3579.09,,
2655,5180.13,,
2656,,3066.73,
2657,3431.93,,
2658,,3191.12,
2659,,3605.74,
2660,,3172.46,
2661,5830.79,,
2662,,2967.22,
2663,,3172.46,
2664,,3223.69,
2665,,2967.22,
2666,,3090.42,
2667,,2948.27,
2668,,3038.59,
2669,,3605.74,
2670,2901.47,,
2671,,3143.73,
2672,4197.93,,
2673,,3075.02,
2674,5616.67,,
2675,2987.14,,
2676,3477.21,,
2677,,3191.12,
2678,4507.47,,
2679,3495.27,,
2680,,3274.04,
2681,2920.13,,
2682,3668.27,,
2683,3126.13,,
2684,4092.92,,
2685,,3232.58,
2686,5616.67,,
2687,,3023.19,
2688,3783.90,,
2689,,3191.12,
2690,,3128.92,
2691,4600.84,,
2692,4092.92,,
2693,3693.92,,
2694,,3090.42,
2695,3506.82,,
2696,2961.73,,
2697,3143.14,,
2698,,3293.00,
2699,,3066.73,
2700,4099.54,,
2701,,3127.74,
2702,3783.90,,
2703,,3040.86,
2704,2849.05,,
2705,3471.32,,
2706,,3062.06,
2707,,3191.12,
2708,4337.68,,
2709,,3180.16,
2710,,3241.56,
2711,,2942.34,
2712,3012.53,,
2713,,4013.94,
2714,2912.49,,
2715,3788.17,,
2716,,3232.58,
2717,,3346.60,
2718,2924.35,,
2719,,3111.51,
2720,4998.62,,
2721,,3611.44,
2722,4081.84,,
2723,4049.85,,
2724,,3066.73,
2725,3788.17,,
2726,,3813.42,
2727,,3462.30,
2728,2941.39,,
2729,,3346.60,
2730,4384.62,,
2731,,3066.73,
2732,4600.84,,
2733,,3191.63,
2734,,3000.39,
2735,3783.90,,
2736,,2942.34,
2737,,4512.41,
2738,2793.08,,
2739,,2967.22,
2740,2906.80,,
2741,4989.85,,
2742,3579.09,,
2743,3735.06,,
2744,,3066.73,
2745,3579.09,,
2746,,2967.22,
2747,,3674.35,
2748,4519.72,,
2749,,4782.58,
2750,2912.49,,
2751,,3372.66,
2752,,3210.46,
2753,,3605.74,
2754,4092.92,,
2755,5296.20,,
2756,,3111.51,
2757,,3239.12,
2758,,3232.58,
2759,6476.61,,
2760,2793.08,,
2761,2793.08,,
2762,,2971.96,
2763,3307.68,,
2764,3788.17,,
2765,3259.13,,
2766,3438.41,,
2767,2906.80,,
2768,3872.28,,
2769,,3178.68,
2770,4315.97,,
2771,,4331.82,
2772,,3592.01,
2773,,3090.42,
2774,,3011.45,
2775,,3223.69,
2776,4110.89,,
2777,,4573.03,
2778,,3540.96,
2779,4092.92,,
2780,3703.47,,
2781,4005.16,,
2782,,3191.63,
2783,,3142.71,
2784,,3239.12,
2785,,2992.10,
2786,,3223.65,
2787,,3232.58,
2788,,3191.12,
2789,,2971.96,
2790,,4525.02,
2791,2793.08,,
2792,3579.09,,
2793,,2967.22,
2794,,3540.96,
2795,,4513.44,
2796,3162.89,,
2797,4998.62,,
2798,,3364.89,
2799,,2967.22,
2800,,3110.65,
2801,3695.66,,
2802,,3075.02,
2803,4766.77,,
2804,2920.13,,
2805,4998.62,,
2806,,3546.90,
2807,,3337.22,
2808,,2971.96,
2809,3788.17,,
2810,,3346.60,
2811,,3043.63,
2812,,3066.73,
2813,2906.80,,
2814,,3337.22,
2815,,3436.20,
2816,,3232.58,
2817,,2986.77,
2818,3618.70,,
2819,,3361.16,
2820,,3408.17,
2821,,3110.65,
2822,4475.56,,
2823,4092.92,,
2824,5955.38,,
2825,3824.46,,
2826,4592.52,,
2827,6179.65,,
2828,,3813.23,
2829,3446.74,,
2830,,3178.68,
2831,3553.51,,
2832,,3620.08,
2833,,2967.22,
2834,5033.21,,
2835,,3147.69,
2836,,3062.06,
2837,4415.05,,
2838,,3128.92,
2839,,4814.11,
2840,3469.25,,
2841,6012.51,,
2842,,3191.12,
2843,,3540.96,
2844,4345.72,,
2845,2920.13,,
2846,,3143.73,
2847,2793.08,,
2848,,2971.96,
2849,3960.66,,
2850,4124.02,,
2851,2923.68,,
2852,2793.08,,
2853,,3770.93,
2854,,3540.96,
2855,5115.08,,
2856,4042.14,,
2857,,3194.91,
2858,,3066.73,
2859,,2971.96,
2860,4574.68,,
2861,,3216.29,
2862,,3407.67,
2863,,3062.06,
2864,,3343.15,
2865,4249.84,,
2866,4092.92,,
2867,5616.67,,
2868,,3023.19,
2869,,3669.34,
2870,5435.20,,
2871,4600.84,,
2872,,3110.65,
2873,,3128.92,
2874,3951.01,,
2875,,3062.06,
2876,,3062.06,
2877,,3907.11,
2878,6630.21,,
2879,,3564.28,
2880,,3216.29,
2881,,3216.29,
2882,,3216.29,
2883,,3540.96,
2884,,3062.06,
2885,,3100.29,
2886,3477.21,,
2887,,3223.69,
2888,3084.95,,
2889,3878.11,,
2890,5276.33,,
2891,2912.49,,
2892,4600.84,,
2893,3856.84,,
2894,,3605.74,
2895,3353.60,,
2896,,2948.27,
2897,3477.21,,
2898,3788.17,,
2899,,2942.34,
2900,,3111.51,
2901,,3172.46,
2902,4188.81,,
2903,,3628.49,
2904,,3223.69,
2905,,3775.56,
2906,3431.93,,
2907,,3084.87,
2908,,2947.32,
2909,3477.21,,
2910,,3232.58,
2911,4097.90,,
2912,5616.67,,
2913,,2948.27,
2914,,3084.87,
2915,,3062.06,
2916,,2967.22,
2917,,3667.54,
2918,,3191.12,
2919,,2971.96,
2920,3783.90,,
2921,3788.17,,
2922,,3066.73,
2923,2849.05,,
2924,,3110.65,
2925,4124.02,,
2926,2906.80,,
2927,,3268.61,
2928,,3066.73,
2929,4092.92,,
2930,,2948.27,
2931,3162.89,,
2932,3579.09,,
2933,,3062.06,
2934,3477.21,,
2935,,3337.22,
2936,4355.55,,
2937,,3066.73,
2938,4441.62,,
2939,,3090.42,
2940,3427.94,,
2941,,3564.28,
2942,,3327.37,
2943,3069.37,,
2944,4811.04,,
2945,,3171.27,
2946,,3274.04,
2947,,2967.22,
2948,3477.21,,
2949,,3605.74,
2950,,4146.75,
2951,5718.53,,
2952,5454.40,,
2953,4124.02,,
2954,,3075.02,
2955,3703.47,,
2956,,4036.51,
2957,3308.09,,
2958,,3768.85,
2959,,3090.42,
2960,,3337.22,
2961,,2967.22,
2962,,3297.14,
2963,3186.44,,
2964,,2967.22,
2965,3788.17,,
2966,,3084.87,
2967,,3311.95,
2968,,3628.94,
2969,,2979.66,
2970,,4130.36,
2971,,3011.45,
2972,3477.21,,
2973,,3011.45,
2974,,3066.73,
2975,3783.90,,
2976,3546.41,,
2977,,3061.40,
2978,,3574.42,
2979,,3274.04,
2980,,4432.98,
2981,3788.17,,
2982,5323.16,,
2983,,3341.09,
2984,,3084.87,
2985,5233.63,,
2986,2906.80,,
2987,5191.77,,
2988,,2942.34,
2989,3783.90,,
2990,,3075.02,
2991,5077.14,,
2992,2793.08,,
2993,,3553.52,
2994,,3191.12,
2995,4955.92,,
2996,,3000.39,
2997,4998.62,,
2998,,3564.28,
2999,2849.05,,
3000,6086.74,,
3001,,3259.59,
3002,3451.78,,
3003,3477.21,,
3004,,3274.04,
3005,3318.56,,
3006,,3191.63,
3007,,3128.92,
3008,2920.13,,
3009,,3172.46,
3010,,3172.46,
3011,,3090.79,
3012,,3605.74,
3013,3438.60,,
3014,3951.06,,
3015,4687.69,,
3016,4998.62,,
3017,,2967.22,
3018,,3408.13,
3019,2912.49,,
3020,,2986.77,
3021,4956.00,,
3022,5319.56,,
3023,,3084.87,
3024,2912.49,,
3025,4266.03,,
3026,3783.90,,
3027,,3348.03,
3028,,3816.24,
3029,,3062.06,
3030,2923.68,,
3031,,3066.73,
3032,,3216.29,
3033,,3191.12,
3034,,3216.29,
3035,,3066.73,
3036,3788.17,,
3037,,3223.72,
3038,4424.28,,
3039,,3062.06,
3040,,2942.34,
3041,,3831.40,
3042,,3143.73,
3043,,4571.64,
3044,4648.52,,
3045,3076.34,,
3046,2923.68,,
3047,,3084.87,
3048,3861.03,,
3049,,2986.77,
3050,3788.17,,
3051,,3021.71,
3052,,3066.73,
3053,,3038.59,
3054,,2992.10,
3055,,3124.72,
3056,4201.34,,
3057,3162.89,,
3058,,3861.52,
3059,,3172.46,
3060,4188.81,,
3061,5408.09,,
3062,,3665.19,
3063,,3201.78,
3064,,3128.92,
3065,3504.95,,
3066,6033.58,,
3067,,3605.74,
3068,,3232.58,
3069,3783.90,,
3070,,3066.73,
3071,,3001.57,
3072,,3564.28,
3073,4406.76,,
3074,,3274.04,
3075,,3038.59,
3076,4124.02,,
3077,,2942.34,
3078,,3191.12,
3079,,3440.41,
3080,,3038.59,
3081,3703.47,,
3082,,3605.74,
3083,,3346.60,
3084,,3100.29,
3085,3431.93,,
3086,5790.02,,
3087,,3346.60,
3088,,3178.68,
3089,2906.80,,
3090,,3118.14,
3091,,3011.45,
3092,,2947.32,
3093,,3142.71,
3094,,3605.74,
3095,5616.67,,
3096,4124.02,,
3097,2793.08,,
3098,,3232.58,
3099,,2967.22,
3100,3052.81,,
3101,2876.95,,
3102,4124.02,,
3103,3788.17,,
3104,3477.21,,
3105,4228.01,,
3106,,2967.22,
3107,,3191.12,
3108,,2948.27,
3109,,3128.92,
3110,,2948.27,
3111,,2942.34,
3112,5034.45,,
3113,,3023.19,
3114,,3630.40,
3115,,3564.28,
3116,,3540.96,
3117,,2986.77,
3118,,3066.73,
3119,,2947.32,
3120,4998.62,,
3121,,3376.12,
3122,,3605.74,
3123,2793.08,,
3124,4188.81,,
3125,,3540.96,
3126,4600.84,,
3127,3788.17,,
3128,3112.86,,
3129,3353.60,,
3130,,3346.60,
3131,2793.08,,
3132,,3128.92,
3133,,2986.77,
3134,,3276.44,
3135,,3178.68,
3136,,3605.74,
3137,,2942.34,
3138,,3564.28,
3139,,3011.45,
3140,,2976.93,
3141,,3143.73,
3142,4551.01,,
3143,,3216.29,
3144,4092.92,,
3145,,2942.34,
3146,,2942.34,
3147,,3246.13,
3148,3946.83,,
3149,,3066.73,
3150,,3202.07,
3151,3783.90,,
3152,,3066.73,
3153,2923.68,,
3154,2920.13,,
3155,,2996.84,
3156,,3540.96,
3157,,3573.56,
3158,5899.46,,
3159,,3191.12,
3160,,3066.73,
3161,4188.81,,
3162,4148.93,,
3163,2793.08,,
3164,,2986.77,
3165,5616.67,,
3166,,3384.60,
3167,5189.94,,
3168,4600.84,,
3169,3477.21,,
3170,2849.05,,
3171,4188.81,,
3172,,3540.96,
3173,,3475.43,
3174,3806.54,,
3175,,3274.04,
3176,3788.17,,
3177,2817.54,,
3178,4188.81,,
3179,4032.61,,
3180,2793.08,,
3181,,3066.73,
3182,5616.67,,
3183,,2948.27,
3184,,3062.06,
3185,,3066.73,
3186,,2967.22,
3187,,3605.74,
3188,4600.84,,
3189,,3172.46,
3190,,3090.42,
3191,4124.02,,
3192,,3537.82,
3193,3057.84,,
3194,5912.83,,
3195,3712.07,,
3196,,3605.74,
3197,4136.16,,
3198,2906.80,,
3199,3060.57,,
3200,4188.81,,
3201,,3172.46,
3202,3275.26,,
3203,,3191.12,
3204,,3111.51,
3205,4369.54,,
3206,,3011.45,
3207,,2948.27,
3208,5332.69,,
3209,3766.22,,
3210,,2967.22,
3211,,3715.28,
3212,,3216.29,
3213,,3023.19,
3214,5671.16,,
3215,,3316.89,
3216,2923.68,,
3217,,3346.60,
3218,4188.81,,
3219,,3239.12,
3220,3601.63,,
3221,,3605.74,
3222,3486.98,,
3223,2793.08,,
3224,,3075.02,
3225,,3066.73,
3226,,3172.46,
3227,,3337.22,
3228,4092.92,,
3229,,3119.45,
3230,,2942.34,
3231,,2979.66,
3232,,3346.60,
3233,,3433.08,
3234,,3111.51,
3235,,3239.12,
3236,,2967.22,
3237,,3216.29,
3238,4998.62,,
3239,,3178.68,
3240,3207.92,,
3241,,2986.77,
3242,2901.47,,
3243,,3191.12,
3244,,3191.12,
3245,,3232.58,
3246,,3038.59,
3247,4427.61,,
3248,,3346.60,
3249,4906.28,,
3250,4124.02,,
3251,,3232.58,
3252,,2992.10,
3253,,3100.29,
3254,,3178.68,
3255,,2967.22,
3256,,2947.32,
3257,,2979.66,
3258,5113.49,,
3259,,2992.10,
3260,,3001.57,
3261,4092.92,,
3262,,3192.00,
3263,3722.72,,
3264,4188.81,,
3265,,2967.22,
3266,,2986.77,
3267,,3540.96,
3268,,2979.66,
3269,,3239.12,
3270,,3191.12,
3271,,3570.79,
3272,,3208.29,
3273,,2947.32,
3274,4998.62,,
3275,3788.17,,
3276,,3191.12,
3277,3235.95,,
3278,,3645.15,
3279,,3274.04,
3280,,3515.71,
3281,4124.02,,
3282,,2967.22,
3283,,3292.13,
3284,,3135.83,
3285,,2979.66,
3286,3579.09,,
3287,,2942.34,
3288,2906.80,,
3289,,3111.51,
3290,,3216.29,
3291,,3274.04,
3292,3052.81,,
3293,3326.79,,
3294,,2967.22,
3295,,3191.12,
3296,,3062.06,
3297,,3216.29,
3298,,3365.63,
3299,,2979.66,
3300,3783.90,,
3301,4658.22,,
3302,4188.81,,
3303,,3090.42,
3304,,3337.22,
3305,3169.42,,
3306,,3540.96,
3307,5118.85,,
3308,,3100.29,
3309,,3540.96,
3310,,3128.92,
3311,,2967.22,
3312,3788.17,,
3313,,3111.51,
3314,,2967.22,
3315,,3261.82,
3316,,3274.04,
3317,3788.17,,
3318,2906.80,,
3319,,3056.66,
3320,,3178.50,
3321,5616.67,,
3322,,3564.28,
3323,4347.95,,
3324,,2948.27,
3325,,2992.10,
3326,,2942.34,
3327,,2971.96,
3328,4092.92,,
3329,,3223.69,
3330,,3084.87,
3331,,3239.12,
3332,,3274.04,
3333,,3346.60,
3334,,3274.04,
3335,,3346.60,
3336,4600.84,,
3337,4097.90,,
3338,4998.62,,
3339,,3051.33,
3340,5616.67,,
3341,,2979.66,
3342,3017.27,,
3343,,3239.12,
3344,5616.67,,
3345,,3066.73,
3346,,3128.92,
3347,5024.87,,
3348,2977.57,,
3349,,2992.10,
3350,,2992.10,
3351,2923.68,,
3352,,3066.73,
3353,,3570.82,
3354,2793.08,,
3355,3353.60,,
3356,3235.95,,
3357,,3084.87,
3358,2912.49,,
3359,4188.81,,
3360,5199.19,,
3361,3071.76,,
3362,,3119.45,
3363,,3110.65,
3364,,3312.21,
3365,,3000.39,
3366,,3062.06,
3367,,3214.23,
3368,3044.52,,
3369,,3044.81,
3370,5881.16,,
3371,,3274.04,
3372,3392.39,,
3373,,3038.59,
3374,,2942.34,
3375,,2979.66,
3376,,2967.22,
3377,,3689.55,
3378,,4332.32,
3379,,3605.74,
3380,,3540.96,
3381,,3038.59,
3382,2876.95,,
3383,,3274.04,
3384,3990.34,,
3385,4195.15,,
3386,,3062.06,
3387,4124.02,,
3388,,2942.34,
3389,4188.81,,
3390,,3155.77,
3391,,3111.51,
3392,3788.17,,
3393,,2979.66,
3394,3808.78,,
3395,4113.95,,
3396,3044.52,,
3397,4092.92,,
3398,2793.08,,
3399,,3238.98,
3400,3637.13,,
3401,2906.80,,
3402,,3066.73,
3403,2849.05,,
3404,2849.05,,
3405,5616.67,,
3406,,3253.01,
3407,,2967.22,
3408,5675.68,,
3409,3579.09,,
3410,3556.14,,
3411,,3075.02,
3412,3794.80,,
3413,3788.17,,
3414,,3084.87,
3415,4039.21,,
3416,,3073.61,
3417,4092.92,,
3418,,3142.71,
3419,,3075.02,
3420,3788.17,,
3421,2906.80,,
3422,4188.81,,
3423,,3128.92,
3424,,3564.28,
3425,,3474.41,
3426,,3090.42,
3427,,2947.32,
3428,,3942.03,
3429,,2971.96,
3430,4998.62,,
3431,,3273.45,
3432,,3172.46,
3433,3885.32,,
3434,,2986.77,
3435,5616.67,,
3436,,3605.74,
3437,4188.57,,
3438,,2942.34,
3439,,3274.04,
3440,3455.94,,
3441,4280.94,,
3442,,4679.03,
3443,,3931.31,
3444,,2979.66,
3445,5250.17,,
3446,2920.13,,
3447,,3926.68,
3448,5112.55,,
3449,3783.90,,
3450,,3326.85,
3451,,3111.51,
3452,4386.99,,
3453,3788.17,,
3454,,3001.57,
3455,,4766.39,
3456,,3172.46,
3457,,3216.29,
3458,,2967.22,
3459,,2947.32,
3460,,3084.87,
3461,6001.34,,
3462,,3000.39,
3463,,2947.32,
3464,,3178.68,
3465,5930.50,,
3466,5616.67,,
3467,2793.08,,
3468,,3011.45,
3469,,2967.22,
3470,4478.78,,
3471,3431.93,,
3472,2923.68,,
3473,,3038.59,
3474,,2967.22,
3475,,3232.58,
3476,,2942.34,
3477,4188.81,,
3478,2920.60,,
3479,,3104.08,
3480,,3276.44,
3481,,3142.71,
3482,,3420.14,
3483,4647.23,,
3484,,2979.66,
3485,,2942.34,
3486,4188.81,,
3487,,3989.65,
3488,4600.84,,
3489,4998.62,,
3490,,4546.41,
3491,,3066.73,
3492,,3075.02,
3493,5616.67,,
3494,2912.49,,
3495,4394.02,,
3496,,3023.19,
3497,,3011.45,
3498,4509.75,,
3499,5327.83,,
3500,,4530.55,
3501,,3066.73,
3502,,3172.46,
3503,3050.91,,
3504,,3232.58,
3505,,4365.59,
3506,4998.62,,
3507,3546.31,,
3508,,2967.22,
3509,,3605.74,
3510,4124.02,,
3511,,3180.16,
3512,,3343.15,
3513,,4707.11,
3514,,2942.34,
3515,,2942.34,
3516,,2992.10,
3517,4000.72,,
3518,,2992.10,
3519,3431.93,,
3520,,3062.06,
3521,5937.61,,
3522,,3838.41,
3523,,3540.96,
3524,,3276.41,
3525,,4170.78,
3526,,3084.87,
3527,,3585.53,
3528,5312.45,,
3529,,3011.45,
3530,4437.85,,
3531,2912.49,,
3532,2849.05,,
3533,,3191.63,
3534,,2942.34,
3535,4998.62,,
3536,,3457.62,
3537,2793.08,,
3538,,3038.59,
3539,,3000.39,
3540,,3564.28,
3541,,4026.19,
3542,,3191.12,
3543,,3191.12,
3544,,3011.45,
3545,2793.08,,
3546,,2947.32,
3547,3415.80,,
3548,,3100.29,
3549,,3475.62,
3550,,3111.51,
3551,4570.78,,
3552,,3697.87,
3553,,3912.12,
3554,4124.02,,
3555,4188.81,,
3556,3579.09,,
3557,,2948.27,
3558,,4347.38,
3559,3824.46,,
3560,5921.92,,
3561,3624.30,,
3562,3440.29,,
3563,2920.13,,
3564,2849.05,,
3565,,3000.39,
3566,,4872.72,
3567,,3949.01,
3568,5427.66,,
3569,2912.49,,
3570,,3191.63,
3571,4513.26,,
3572,2793.08,,
3573,,3143.73,
3574,3918.09,,
3575,2920.13,,
3576,2920.13,,
3577,,2942.34,
3578,2920.13,,
3579,,3529.52,
3580,,3585.52,
3581,,3066.73,
3582,3788.17,,
3583,,3191.63,
3584,,2967.22,
3585,,3125.25,
3586,5784.01,,
3587,,2992.10,
3588,3788.17,,
3589,,3111.51,
3590,4188.81,,
3591,5550.85,,
3592,3783.90,,
3593,,3223.58,
3594,,3062.06,
3595,,3802.55,
3596,,3023.19,
3597,5616.67,,
3598,2912.49,,
3599,,2986.77,
3600,,3084.87,
3601,,3143.73,
3602,,3038.59,
3603,,2967.22,
3604,,3347.77,
3605,3628.43,,
3606,3783.90,,
3607,,3438.34,
3608,,3422.98,
3609,3284.10,,
3610,,3075.02,
3611,2966.03,,
3612,5501.13,,
3613,,3172.46,
3614,,3349.59,
3615,,3066.73,
3616,,3404.96,
3617,,3346.60,
3618,6005.13,,
3619,5074.70,,
3620,,2942.34,
3621,,4101.68,
3622,,3886.02,
3623,,3110.65,
3624,,3172.46,
3625,,2971.96,
3626,,3617.22,
3627,3628.43,,
3628,3442.76,,
3629,,3229.93,
3630,4798.58,,
3631,3477.21,,
3632,,3172.46,
3633,5616.67,,
3634,3748.48,,
3635,3951.30,,
3636,3741.57,,
3637,4117.72,,
3638,,3011.45,
3639,,3000.39,
3640,3643.58,,
3641,,3191.63,
3642,,3346.60,
3643,,3586.51,
3644,,3248.28,
3645,,3111.51,
3646,,3095.40,
3647,,3239.12,
3648,,3223.69,
3649,,3346.60,
3650,,2967.22,
3651,3380.56,,
3652,,3337.22,
3653,,3023.19,
3654,3579.09,,
3655,,3540.96,
3656,4179.75,,
3657,5616.67,,
3658,,2948.27,
3659,,4264.88,
3660,,3099.26,
3661,5616.67,,
3662,6358.13,,
3663,,2967.22,
3664,3477.21,,
3665,,3564.28,
3666,,3577.08,
3667,,3605.74,
3668,,3066.73,
3669,4406.76,,
3670,,3148.71,
3671,,3143.73,
3672,,2986.77,
3673,3906.30,,
3674,,3232.58,
3675,5274.18,,
3676,,3945.16,
3677,,3066.73,
3678,,3084.87,
3679,4582.11,,
3680,,2942.34,
3681,6080.84,,
3682,3472.45,,
3683,2923.68,,
3684,,3995.58,
3685,5803.83,,
3686,,3178.68,
3687,,2942.34,
3688,,3128.92,
3689,,3540.96,
3690,,4269.36,
3691,,3378.07,
3692,3000.15,,
3693,,3985.61,
3694,2793.08,,
3695,2949.99,,
3696,,2942.34,
3697,2920.13,,
3698,,3128.92,
3699,,3128.92,
3700,,2979.66,
3701,,3001.57,
3702,5102.43,,
3703,,3100.29,
3704,,4372.45,
3705,3134.10,,
3706,,3223.69,
3707,,3128.92,
3708,,2971.96,
3709,,2979.66,
3710,,2942.34,
3711,2849.05,,
3712,4179.75,,
3713,3296.84,,
3714,,2967.22,
3715,3788.17,,
3716,,3191.63,
3717,,3110.65,
3718,,3000.39,
3719,3477.21,,
3720,,3337.22,
3721,,3172.46,
3722,,3178.68,
3723,,4019.85,
3724,,3011.45,
3725,,2979.66,
3726,,3191.63,
3727,5411.38,,
3728,,3075.91,
3729,3788.17,,
3730,,3212.61,
3731,4602.51,,
3732,,2942.34,
3733,5893.05,,
3734,,3223.69,
3735,,2979.66,
3736,3788.17,,
3737,5319.56,,
3738,,3993.93,
3739,,2967.22,
3740,,3110.65,
3741,,3066.73,
3742,,3000.39,
3743,2849.05,,
3744,,3223.69,
3745,3139.29,,
3746,,3021.71,
3747,,2947.32,
3748,,3223.69,
3749,,3239.12,
3750,,3111.51,
3751,,2942.34,
3752,,3239.12,
3753,4607.48,,
3754,,3337.22,
3755,,3337.22,
3756,,3540.96,
3757,,3998.21,
3758,,2967.22,
3759,4998.62,,
3760,,3329.13,
3761,,3114.11,
3762,3633.68,,
3763,,3084.87,
3764,,3224.58,
3765,3477.21,,
3766,,3216.29,
3767,,4417.12,
3768,,3111.51,
3769,3124.05,,
3770,3477.21,,
3771,5502.96,,
3772,,3143.73,
3773,,3172.46,
3774,,3066.73,
3775,3282.73,,
3776,,3564.28,
3777,3950.22,,
3778,,3621.65,
3779,3462.33,,
3780,,3062.06,
3781,,3383.52,
3782,6785.67,,
3783,4513.44,,
3784,,3191.12,
3785,,3075.02,
3786,,3142.71,
3787,,2986.77,
3788,3783.90,,
3789,3982.55,,
3790,,3605.74,
3791,,2992.10,
3792,4998.62,,
3793,3281.05,,
3794,,4907.22,
3795,,3337.22,
3796,,3023.19,
3797,,3274.04,
3798,5890.55,,
3799,,3172.46,
3800,,3605.74,
3801,,3274.04,
3802,3594.02,,
3803,,2942.34,
3804,3660.43,,
3805,4998.62,,
3806,2849.05,,
3807,,2948.27,
3808,,3128.92,
3809,,3232.58,
3810,,2948.27,
3811,4599.32,,
3812,,3627.29,
3813,,3128.92,
3814,,3346.60,
3815,5415.48,,
3816,,3062.06,
3817,,3509.29,
3818,,3223.69,
3819,,2942.34,
3820,,3066.73,
3821,,3111.51,
3822,,3110.65,
3823,4124.02,,
3824,,3540.96,
3825,,2967.22,
3826,2923.68,,
3827,,2942.34,
3828,3579.09,,
3829,,3046.53,
3830,2793.08,,
3831,,3564.28,
3832,4343.10,,
3833,2931.68,,
3834,,3122.19,
3835,4124.02,,
3836,,3084.87,
3837,3431.93,,
3838,,3000.98,
3839,,3410.81,
3840,3493.55,,
3841,3431.93,,
3842,4998.62,,
3843,,3110.65,
3844,,3011.45,
3845,,2992.10,
3846,2945.30,,
3847,,3692.69,
3848,3788.17,,
3849,2888.14,,
3850,,3461.93,
3851,,3011.45,
3852,2906.80,,
3853,4600.84,,
3854,4600.84,,
3855,3988.97,,
3856,5616.67,,
3857,,2942.34,
3858,,2942.34,
3859,3788.17,,
3860,,3001.57,
3861,,3208.18,
3862,5616.67,,
3863,,3066.73,
3864,,3564.28,
3865,,3461.51,
3866,4998.62,,
3867,,3325.57,
3868,,3066.73,
3869,,3111.51,
3870,3783.90,,
3871,,3248.57,
3872,,2992.10,
3873,2912.49,,
3874,,3155.08,
3875,,3016.42,
3876,,2947.32,
3877,,3001.57,
3878,3431.93,,
3879,,3191.63,
3880,,3084.87,
3881,3783.90,,
3882,4092.92,,
3883,4188.81,,
3884,,3274.04,
3885,5018.02,,
3886,,3191.63,
3887,,3066.73,
3888,,3214.81,
3889,,3540.96,
3890,,3001.57,
3891,,3143.73,
3892,3960.56,,
3893,,3142.71,
3894,,2992.10,
3895,4600.84,,
3896,,2967.22,
3897,,3605.74,
3898,,3506.39,
3899,,3586.51,
3900,3414.40,,
3901,2920.13,,
3902,,3038.59,
3903,,3036.52,
3904,,2967.22,
3905,3318.06,,
3906,,3576.72,
3907,3788.17,,
3908,,2947.32,
3909,,3000.39,
3910,,3316.81,
3911,,2979.66,
3912,,3206.52,
3913,4092.92,,
3914,5814.50,,
3915,,3346.60,
3916,,3668.92,
3917,3356.45,,
3918,3788.17,,
3919,,3128.92,
3920,2920.13,,
3921,4124.02,,
3922,,3128.92,
3923,,3239.12,
3924,,3026.45,
3925,,3029.12,
3926,,3191.12,
3927,3431.93,,
3928,4705.97,,
3929,3357.12,,
3930,,2942.34,
3931,4600.84,,
3932,,2942.34,
3933,,3059.62,
3934,,3605.74,
3935,5303.33,,
3936,,2942.34,
3937,2849.05,,
3938,4188.81,,
3939,,2992.10,
3940,,3274.04,
3941,4124.02,,
3942,2849.05,,
3943,,2942.34,
3944,4413.17,,
3945,,3221.27,
3946,,3178.68,
3947,,3142.71,
3948,,3564.28,
3949,,2953.24,
3950,,3000.39,
3951,,3460.03,
3952,3222.32,,
3953,4124.02,,
3954,,3100.29,
3955,,3385.46,
3956,,3023.19,
3957,,3075.02,
3958,3553.97,,
3959,,2942.34,
3960,,2947.32,
3961,,3605.74,
3962,5723.09,,
3963,5895.59,,
3964,2793.08,,
3965,,3422.64,
3966,,2967.22,
3967,,3209.26,
3968,3100.77,,
3969,,3486.49,
3970,,3128.92,
3971,,3779.76,
3972,,3143.73,
3973,,3011.45,
3974,,3128.92,
3975,3431.93,,
3976,,3011.45,
3977,,2942.34,
3978,,3210.86,
3979,,3339.71,
3980,2912.49,,
3981,3850.37,,
3982,4514.09,,
3983,,3110.65,
3984,,3069.49,
3985,,3564.28,
3986,,3337.22,
3987,,3261.01,
3988,,3066.73,
3989,,3337.22,
3990,,2942.34,
3991,,3066.73,
3992,3783.90,,
3993,,3084.87,
3994,3353.60,,
3995,,2992.10,
3996,2793.08,,
3997,4373.68,,
3998,,3337.22,
3999,5616.67,,
4000,4124.02,,
4001,,3216.29,
4002,,3100.29,
4003,,2986.77,
4004,,3357.85,
4005,,3346.60,
4006,,3095.40,
4007,6546.41,,
4008,4188.81,,
4009,,3272.93,
4010,2793.08,,
4011,,2947.32,
4012,,3142.71,
4013,,3239.12,
4014,,3418.07,
4015,,3111.51,
4016,,3605.74,
4017,2920.13,,
4018,,2942.34,
4019,,3346.60,
4020,2912.49,,
4021,,2979.66,
4022,4470.03,,
4023,,2979.66,
4024,,3564.28,
4025,,3540.96,
4026,4998.62,,
4027,,3346.60,
4028,,3461.61,
4029,,2942.34,
4030,,3236.06,
4031,,2971.96,
4032,,3122.19,
4033,,3191.12,
4034,,3540.96,
4035,,3424.79,
4036,,3083.61,
4037,2849.05,,
4038,2793.08,,
4039,3788.17,,
4040,2948.74,,
4041,,2967.22,
4042,,3274.04,
4043,3579.09,,
4044,,3178.68,
4045,3893.61,,
4046,,2947.32,
4047,,3267.10,
4048,,3339.71,
4049,,3101.28,
4050,4998.62,,
4051,,3605.74,
4052,,2967.22,
4053,,3091.68,
4054,,2971.96,
4055,,3449.53,
4056,,2979.66,
4057,4154.45,,
4058,,3172.46,
4059,,3274.04,
4060,4998.62,,
4061,2906.80,,
4062,,4290.86,
4063,,3878.67,
4064,3431.93,,
4065,3788.17,,
4066,,3540.96,
4067,,2947.32,
4068,,2942.34,
4069,4411.88,,
4070,2912.49,,
4071,5674.48,,
4072,,2942.34,
4073,2925.11,,
4074,,3540.96,
4075,4570.44,,
4076,,3752.06,
4077,3677.58,,
4078,,4099.71,
4079,,3062.06,
4080,,3084.87,
4081,,2967.22,
4082,,3266.04,
4083,,3227.84,
4084,,3011.45,
4085,,3178.68,
4086,3867.25,,
4087,,3346.60,
4088,,3346.60,
4089,,3322.51,
4090,,3239.12,
4091,2935.60,,
4092,,3564.28,
4093,,3128.92,
4094,,3214.81,
4095,,4133.30,
4096,,2947.32,
4097,,3474.41,
4098,3068.28,,
4099,,3023.19,
4100,4998.62,,
4101,,3540.96,
4102,,2942.34,
4103,,2986.77,
4104,3646.52,,
4105,4092.92,,
4106,,3023.19,
4107,,3301.88,
4108,,2942.34,
4109,4288.17,,
4110,,3346.60,
4111,,2942.34,
4112,4124.02,,
4113,,3191.63,
4114,2793.08,,
4115,,3191.63,
4116,,3178.68,
4117,,3216.29,
4118,4998.62,,
4119,,3625.51,
4120,,3297.14,
4121,3507.69,,
4122,3711.77,,
4123,,3540.96,
4124,3788.17,,
4125,,3023.19,
4126,2906.80,,
4127,5616.67,,
4128,4136.16,,
4129,,3191.12,
4130,4998.62,,
4131,,3191.12,
4132,,3001.57,
4133,,3337.22,
4134,3554.99,,
4135,,2947.32,
4136,,3055.55,
4137,3788.17,,
4138,,2979.66,
4139,,3492.88,
4140,3071.76,,
4141,3788.17,,
4142,2987.14,,
4143,,3564.28,
4144,,2979.66,
4145,,3216.29,
4146,,3090.42,
4147,4092.92,,
4148,3783.90,,
4149,,3038.59,
4150,,3110.65,
4151,,3191.63,
4152,3233.47,,
4153,4998.62,,
4154,,3066.73,
4155,,3280.95,
4156,,3807.13,
4157,4441.27,,
4158,,3356.37,
4159,,2942.34,
4160,,3128.92,
4161,5616.67,,
4162,,2979.66,
4163,,3239.12,
4164,,2949.21,
4165,,3011.45,
4166,5616.67,,
4167,,2967.22,
4168,4188.81,,
4169,,3193.49,
4170,,2992.10,
4171,,3038.59,
4172,,2942.34,
4173,3783.90,,
4174,2793.08,,
4175,,3346.60,
4176,4124.02,,
4177,4482.48,,
4178,,3221.03,
4179,,3337.22,
4180,,2980.72,
4181,,2942.34,
4182,,2942.34,
4183,2849.05,,
4184,,3066.73,
4185,,3179.98,
4186,3200.32,,
4187,,3190.94,
4188,,3232.58,
4189,,2942.34,
4190,,2967.22,
4191,2849.05,,
4192,,3311.88,
4193,4326.11,,
4194,,3191.63,
4195,,3638.36,
4196,3783.90,,
4197,3353.60,,
4198,,3110.65,
4199,,3142.71,
4200,,2948.27,
4201,,2948.27,
4202,,3090.42,
4203,5616.67,,
4204,2849.05,,
4205,,3274.04,
4206,,3232.58,
4207,3008.98,,
4208,,3001.57,
4209,5616.67,,
4210,4170.15,,
4211,,3540.96,
4212,,3032.30,
4213,5659.91,,
4214,,3342.20,
4215,4998.62,,
4216,,3038.59,
4217,2912.49,,
4218,3788.17,,
4219,,3119.45,
4220,,2942.34,
4221,,2948.27,
4222,,3777.74,
4223,3541.44,,
4224,,3142.71,
4225,,3066.73,
4226,5050.50,,
4227,,3128.92,
4228,,3172.46,
4229,3431.93,,
4230,3371.08,,
4231,,3191.63,
4232,4188.81,,
4233,3520.67,,
4234,,3023.19,
4235,,3011.64,
4236,2849.05,,
4237,,4474.99,
4238,2793.08,,
4239,5616.67,,
4240,,3239.12,
4241,4734.85,,
4242,,3539.59,
4243,,3143.73,
4244,,3564.28,
4245,4998.62,,
4246,3943.25,,
4247,,3172.46,
4248,,2967.22,
4249,,2979.66,
4250,4092.92,,
4251,,2967.22,
4252,3504.95,,
4253,3628.43,,
4254,,2967.22,
4255,,3191.12,
4256,4456.76,,
4257,,3128.92,
4258,,4094.50,
4259,,3346.60,
4260,,2947.32,
4261,,3111.51,
4262,,3111.51,
4263,4998.62,,
4264,2923.68,,
4265,,3605.74,
4266,3755.08,,
4267,5956.56,,
4268,,3023.19,
4269,3854.79,,
4270,,3540.96,
4271,4092.92,,
4272,,4955.51,
4273,,3191.12,
4274,,3605.74,
4275,3281.05,,
4276,,3239.12,
4277,,2992.10,
4278,,3465.83,
4279,,2967.22,
4280,2906.80,,
4281,,2948.27,
4282,,4096.91,
4283,4449.10,,
4284,,2971.96,
4285,,3996.27,
4286,5150.85,,
4287,2793.08,,
4288,,3023.19,
4289,4464.26,,
4290,,3719.07,
4291,,3232.58,
4292,6365.42,,
4293,,2979.66,
4294,,2942.34,
4295,4078.04,,
4296,2793.08,,
4297,,2992.10,
4298,4730.55,,
4299,4692.60,,
4300,,2942.34,
4301,,3178.68,
4302,,3023.19,
4303,,3346.60,
4304,,3090.42,
4305,,2948.27,
4306,2906.80,,
4307,,3441.95,
4308,,3191.63,
4309,,2948.27,
4310,2793.08,,
4311,,4810.45,
4312,,3308.99,
4313,,3062.06,
4314,,3142.71,
4315,,2979.66,
4316,4600.84,,
4317,4998.62,,
4318,2923.68,,
4319,2912.49,,
4320,,3564.28,
4321,3878.11,,
4322,4338.93,,
4323,3885.51,,
4324,3431.93,,
4325,,3111.51,
4326,,3337.22,
4327,,3334.16,
4328,,4614.36,
4329,,3066.73,
4330,4600.84,,
4331,4610.01,,
4332,4092.92,,
4333,,3274.04,
4334,3367.90,,
4335,,3605.74,
4336,4606.03,,
4337,3493.32,,
4338,4373.31,,
4339,4249.84,,
4340,4004.13,,
4341,2793.08,,
4342,,3062.06,
4343,3431.93,,
4344,2920.13,,
4345,3530.40,,
4346,4010.42,,
4347,,3062.06,
4348,4346.57,,
4349,,2942.34,
4350,4092.92,,
4351,3431.93,,
4352,4097.73,,
4353,2912.49,,
4354,4154.23,,
4355,3353.60,,
4356,5031.62,,
4357,3579.09,,
4358,4124.02,,
4359,,3066.73,
4360,3431.93,,
4361,,3540.96,
4362,4188.81,,
4363,,3494.15,
4364,,3075.02,
4365,4124.02,,
4366,,4444.96,
4367,,4157.01,
4368,,3346.60,
4369,,3143.73,
4370,,3158.75,
4371,,3191.63,
4372,,3605.74,
4373,,3605.74,
4374,4593.95,,
4375,4600.84,,
4376,,3564.28,
4377,2920.13,,
4378,3351.27,,
4379,,3038.59,
4380,,3211.26,
4381,3919.57,,
4382,2920.13,,
4383,2906.80,,
4384,,2986.77,
4385,2793.08,,
4386,3892.87,,
4387,,3223.69,
4388,2849.05,,
4389,4093.24,,
4390,5081.61,,
4391,2849.05,,
4392,,3143.73,
4393,3628.43,,
4394,,3143.73,
4395,,2971.96,
4396,,2979.66,
4397,,3989.71,
4398,,3066.73,
4399,3106.91,,
4400,,3191.12,
4401,,3172.46,
4402,2923.68,,
4403,,4080.34,
4404,,3564.28,
4405,,3915.50,
4406,,3348.03,
4407,,4014.69,
4408,4092.92,,
4409,4092.92,,
4410,3579.09,,
4411,3854.79,,
4412,,3110.65,
4413,,3546.23,
4414,,3209.91,
4415,4718.71,,
4416,2849.05,,
4417,,3191.63,
4418,3281.05,,
4419,,3062.06,
4420,3783.90,,
4421,,4032.11,
4422,3878.11,,
4423,3788.17,,
4424,4566.11,,
4425,2793.08,,
4426,,3242.43,
4427,,2967.22,
4428,2923.68,,
4429,3263.95,,
4430,,3000.39,
4431,5169.14,,
4432,,3075.02,
4433,,3062.06,
4434,3684.37,,
4435,3579.09,,
4436,,3319.69,
4437,,3075.02,
4438,5312.31,,
4439,3442.76,,
4440,3783.90,,
4441,2793.08,,
4442,2920.13,,
4443,,3062.06,
4444,,3100.29,
4445,4600.84,,
4446,,3665.19,
4447,,3572.40,
4448,4124.02,,
4449,2930.79,,
4450,3420.20,,
4451,4092.92,,
4452,,3216.29,
4453,2923.68,,
4454,,3803.21,
4455,4998.62,,
4456,4511.89,,
4457,,2942.34,
4458,3788.17,,
4459,4092.92,,
4460,,3000.39,
4461,,3961.97,
4462,5616.67,,
4463,,3111.51,
4464,,3274.04,
4465,3854.79,,
4466,,3298.52,
4467,4600.84,,
4468,,3011.45,
4469,,3474.41,
4470,,3111.51,
4471,,3038.59,
4472,,3540.96,
4473,6012.51,,
4474,,2992.10,
4475,2793.08,,
4476,,2971.96,
4477,4188.81,,
4478,4061.42,,
4479,,3090.42,
4480,,3216.29,
4481,2849.05,,
4482,,3076.50,
4483,,3564.28,
4484,,2967.22,
4485,3783.90,,
4486,3523.99,,
4487,,4260.35,
4488,,3084.87,
4489,4186.60,,
4490,5616.67,,
4491,3477.21,,
4492,,3709.97,
4493,,3311.72,
4494,,3540.96,
4495,3530.87,,
4496,,4342.07,
4497,,3143.73,
4498,,2942.34,
4499,2906.80,,
4500,5392.29,,
4501,,4354.54,
4502,3699.82,,
4503,4507.19,,
4504,,3090.42,
4505,5322.32,,
4506,,3540.96,
4507,4124.02,,
4508,2906.80,,
4509,,3540.96,
4510,,3592.01,
4511,,3239.12,
4512,3626.64,,
4513,,4008.74,
4514,,3117.43,
4515,,3540.96,
4516,,3075.02,
4517,,3178.68,
4518,4092.92,,
4519,,3066.73,
4520,3788.17,,
4521,,4553.78,
4522,4605.02,,
4523,3239.25,,
4524,5166.74,,
4525,,2986.77,
4526,,4065.31,
4527,3177.53,,
4528,,3274.04,
4529,,4642.29,
4530,,3006.55,
4531,,4913.48,
4532,2793.08,,
4533,,3001.57,
4534,3788.17,,
4535,4188.81,,
4536,,3983.54,
4537,,3111.51,
4538,,5412.40,
4539,,2967.22,
4540,,3066.73,
4541,4832.54,,
4542,,2986.77,
4543,,2942.34,
4544,,4288.93,
4545,,3038.59,
4546,4600.84,,
4547,3504.95,,
4548,,3191.12,
4549,3872.09,,
4550,,3100.29,
4551,3353.60,,
4552,4124.02,,
4553,,3066.73,
4554,4249.84,,
4555,3783.90,,
4556,,3066.73,
4557,,3223.69,
4558,,3011.45,
4559,,3110.65,
4560,,3075.02,
4561,2793.08,,
4562,4600.84,,
4563,,3090.42,
4564,4600.84,,
4565,,2942.34,
4566,4280.94,,
4567,,3232.58,
4568,,3001.57,
4569,4156.74,,
4570,4519.87,,
4571,,3124.14,
4572,,3191.12,
4573,6484.39,,
4574,,3062.06,
4575,2793.08,,
4576,,3066.73,
4577,,3110.65,
4578,,3110.65,
4579,,3232.58,
4580,,3232.58,
4581,,4020.73,
4582,,4103.69,
4583,,3084.87,
4584,,3863.52,
4585,3191.96,,
4586,,3066.73,
4587,3546.41,,
4588,,3625.27,
4589,,3232.58,
4590,4998.62,,
4591,,3191.12,
4592,,4109.12,
4593,,3389.50,
4594,,2971.96,
4595,,3653.70,
4596,,2971.96,
4597,,3178.68,
4598,5840.60,,
4599,4803.70,,
4600,,3564.28,
4601,,3283.83,
4602,,3110.65,
4603,,3000.39,
4604,,3367.85,
4605,,2948.27,
4606,,3001.57,
4607,,4032.41,
4608,,3111.51,
4609,,2971.96,
4610,,3239.12,
4611,,2979.66,
4612,,3346.60,
4613,,3066.73,
4614,,2971.96,
4615,,3540.96,
4616,,3232.58,
4617,,3143.73,
4618,2920.13,,
4619,,3803.21,
4620,4124.02,,
4621,,3172.46,
4622,,3605.74,
4623,,3001.57,
4624,,3540.96,
4625,,4420.40,
4626,3926.97,,
4627,,3564.28,
4628,,3178.68,
4629,,3084.87,
4630,,3240.22,
4631,,3116.56,
4632,,2967.22,
4633,,3232.58,
4634,,3337.22,
4635,,3066.73,
4636,,3111.51,
4637,4655.92,,
4638,5237.55,,
4639,4601.88,,
4640,,3605.74,
4641,,2942.34,
4642,2968.11,,
4643,,3218.36,
4644,3788.17,,
4645,2849.05,,
4646,,3000.39,
4647,4124.02,,
4648,,3605.74,
4649,,3333.59,
4650,5616.67,,
4651,4600.84,,
4652,3412.83,,
4653,,2979.66,
4654,3783.90,,
4655,,2967.22,
4656,5616.67,,
4657,,3225.87,
4658,3579.09,,
4659,,3223.69,
4660,,3223.56,
4661,,3084.87,
4662,,3607.89,
4663,2923.68,,
4664,5616.67,,
4665,,3564.28,
4666,2793.08,,
4667,,2942.34,
4668,,3066.73,
4669,4600.84,,
4670,3579.09,,
4671,,3011.45,
4672,,3223.69,
4673,,3408.79,
4674,,3540.96,
4675,2929.61,,
4676,5393.44,,
4677,2964.85,,
4678,,3232.58,
4679,3431.93,,
4680,,2967.22,
4681,,3191.63,
4682,,3540.96,
4683,3353.60,,
4684,,2947.32,
4685,3579.09,,
4686,2920.13,,
4687,3275.26,,
4688,,3191.63,
4689,3124.78,,
4690,5616.67,,
4691,,3134.62,
4692,,3578.59,
4693,,3223.10,
4694,,2967.22,
4695,3477.21,,
4696,,3293.29,
4697,,2979.66,
4698,,3232.58,
4699,,2979.66,
4700,,3062.06,
4701,,2942.34,
4702,,3140.18,
4703,,3075.02,
4704,4600.84,,
4705,2793.08,,
4706,,3319.97,
4707,4092.92,,
4708,,3346.60,
4709,,3100.29,
4710,,3066.73,
4711,5101.39,,
4712,,3274.34,
4713,,3191.12,
4714,3783.90,,
4715,3136.92,,
4716,,3016.46,
4717,,3011.45,
4718,,3090.42,
4719,,3578.20,
4720,,3066.73,
4721,3788.17,,
4722,,3274.04,
4723,,2986.77,
4724,,3312.90,
4725,3398.02,,
4726,,3191.12,
4727,,3605.74,
4728,3477.21,,
4729,,2986.77,
4730,,3001.57,
4731,,3038.89,
4732,4998.62,,
4733,,3023.19,
4734,,3362.10,
4735,,3407.43,
4736,,2967.22,
4737,,2948.27,
4738,,3011.45,
4739,3431.93,,
4740,4949.94,,
4741,,2967.22,
4742,,2967.22,
4743,5050.50,,
4744,,3178.68,
4745,2912.49,,
4746,3636.43,,
4747,5616.67,,
4748,,3346.60,
4749,,3084.87,
4750,,3346.60,
4751,,3232.58,
4752,4998.62,,
4753,3309.34,,
4754,4046.59,,
4755,,3298.92,
4756,3205.04,,
4757,,3274.04,
4758,,3239.12,
4759,,3229.93,
4760,,3506.39,
4761,,3392.01,
4762,3703.47,,
4763,,2942.34,
4764,,2971.96,
4765,2920.13,,
4766,3736.05,,
4767,,3179.76,
4768,,3178.68,
4769,,3024.08,
4770,,3216.29,
4771,,3731.02,
4772,,2967.22,
4773,5237.32,,
4774,3431.93,,
4775,,3062.06,
4776,,3232.58,
4777,2849.05,,
4778,4092.92,,
4779,,3082.43,
4780,4206.00,,
4781,,3110.65,
4782,,3172.46,
4783,5616.67,,
4784,2906.80,,
4785,,3191.12,
4786,,3223.69,
4787,2906.80,,
4788,5567.83,,
4789,3383.21,,
4790,3616.40,,
4791,,3070.58,
4792,,3062.06,
4793,3263.08,,
4794,4600.84,,
4795,2982.50,,
4796,3477.21,,
4797,3579.09,,
4798,,2942.34,
4799,,3605.74,
4800,,3282.29,
4801,,3092.30,
4802,4664.81,,
4803,3625.29,,
4804,,3677.21,
4805,,2992.10,
4806,,3564.28,
4807,3783.90,,
4808,,3110.65,
4809,,3519.06,
4810,3765.67,,
4811,4124.02,,
4812,3698.81,,
4813,,3282.18,
4814,,3051.33,
4815,,3628.84,
4816,4819.50,,
4817,,3191.63,
4818,2906.80,,
4819,,3306.74,
4820,4188.81,,
4821,4124.02,,
4822,3431.93,,
4823,,2967.22,
4824,,3097.53,
4825,,3110.65,
4826,,2947.32,
4827,,3274.04,
4828,,2947.32,
4829,,3001.57,
4830,,2986.77,
4831,,2942.34,
4832,,3337.22,
4833,4035.40,,
4834,3788.17,,
4835,,3062.06,
4836,,3893.33,
4837,2920.13,,
4838,5616.67,,
4839,,3144.13,
4840,,3283.36,
4841,,3605.74,
4842,,3209.91,
4843,3501.68,,
4844,,2992.10,
4845,4592.25,,
4846,,2979.66,
4847,,4074.07,
4848,,3336.63,
4849,,3668.92,
4850,,3134.62,
4851,4332.52,,
4852,2912.49,,
4853,,3618.57,
4854,2849.05,,
4855,3751.15,,
4856,4124.02,,
4857,,2942.34,
4858,,2947.32,
4859,,3111.51,
4860,3223.52,,
4861,,3066.73,
4862,,3346.60,
4863,,3220.02,
4864,5616.67,,
4865,,3117.43,
4866,3186.44,,
4867,2926.65,,
4868,,3084.87,
4869,,3128.92,
4870,,3038.59,
4871,,3276.44,
4872,,3605.74,
4873,2912.49,,
4874,,3276.41,
4875,,3346.60,
4876,,3075.91,
4877,3783.90,,
4878,3783.90,,
4879,4131.31,,
4880,,3232.58,
4881,,3142.71,
4882,4253.44,,
4883,3788.17,,
4884,,3066.73,
4885,3810.80,,
4886,,3232.58,
4887,4101.15,,
4888,2849.05,,
4889,,3191.12,
4890,,3029.12,
4891,,3110.65,
4892,,3564.28,
4893,4113.95,,
4894,4998.62,,
4895,,3084.87,
4896,3353.60,,
4897,,3418.07,
4898,,3066.73,
4899,3665.19,,
4900,,3440.68,
4901,2793.08,,
4902,3843.19,,
4903,2793.08,,
4904,,3128.92,
4905,3761.56,,
4906,,3142.71,
4907,3758.56,,
4908,,3232.58,
4909,,3143.73,
4910,3765.07,,
4911,,3540.96,
4912,2849.05,,
4913,,3038.59,
4914,,3066.73,
4915,,2942.34,
4916,2906.21,,
4917,,3319.97,
4918,,3179.76,
4919,2849.05,,
4920,4124.02,,
4921,3477.21,,
4922,3777.28,,
4923,,3066.73,
4924,,3066.73,
4925,3319.54,,
4926,3353.60,,
4927,,3172.46,
4928,3030.60,,
4929,4013.85,,
4930,,3205.33,
4931,2920.13,,
4932,4124.02,,
4933,2920.13,,
4934,3107.47,,
4935,2912.49,,
4936,,3540.96,
4937,,2967.22,
4938,,3191.12,
4939,,3274.04,
4940,3788.17,,
4941,4998.62,,
4942,,3180.03,
4943,4124.02,,
4944,,3178.68,
4945,,3110.65,
4946,4092.92,,
4947,,3239.12,
4948,3008.74,,
4949,3981.46,,
4950,4394.60,,
4951,,3075.02,
4952,2923.68,,
4953,,3896.37,
4954,4124.02,,
4955,,3223.69,
4956,4457.95,,
4957,4188.81,,
4958,,3084.87,
4959,2912.49,,
4960,3634.95,,
4961,,3023.69,
4962,,3038.59,
4963,3788.17,,
4964,,2984.52,
4965,,3579.18,
4966,,2992.10,
4967,,3320.14,
4968,,3274.04,
4969,,3232.58,
4970,,3000.39,
4971,3788.17,,
4972,3355.42,,
4973,,3109.75,
4974,3477.21,,
4975,4092.92,,
4976,3353.60,,
4977,,3215.99,
4978,,3224.31,
4979,2793.08,,
4980,,3061.20,
4981,4600.84,,
4982,2920.13,,
4983,,2979.66,
4984,2923.68,,
4985,,3232.58,
4986,,3172.46,
4987,,3111.51,
4988,3759.34,,
4989,,3142.71,
4990,,2967.22,
4991,4619.50,,
4992,,2967.22,
4993,3788.17,,
4994,5894.34,,
4995,4188.81,,
4996,,3090.42,
4997,3894.37,,
4998,,3267.10,
4999,4188.81,,
