eta,part,DB,spacing,depth,As,moment,fc,fs,legacy_flexure,selected
0,0,12,0.1000000000,0.3690000000,11.3097335529,10.3823000000,84.3440861864,2659.0922797916,False,False
0,0,12,0.1500000000,0.3690000000,7.5398223686,10.3823000000,100.1366642051,3943.2144597170,False,False
0,0,12,0.2000000000,0.3690000000,5.6548667765,10.3823000000,113.4835278859,5220.9950061733,False,False
0,0,12,0.2500000000,0.3690000000,4.5238934212,10.3823000000,125.2583896632,6494.7300883268,False,False
0,0,16,0.1000000000,0.3670000000,20.1061929830,10.3823000000,67.4570850758,1534.5027816090,True,False
0,0,16,0.1500000000,0.3670000000,13.4041286553,10.3823000000,79.3203191768,2268.4851747793,False,False
0,0,16,0.2000000000,0.3670000000,10.0530964915,10.3823000000,89.3650532350,2997.6501736260,False,False
0,0,16,0.2500000000,0.3670000000,8.0424771932,10.3823000000,98.2358617432,3723.7448429504,False,False
0,0,20,0.1000000000,0.3650000000,31.4159265359,10.3823000000,57.4924997444,1006.5360132131,True,False
0,0,20,0.1500000000,0.3650000000,20.9439510239,10.3823000000,66.9820351741,1483.8848303249,True,False
0,0,20,0.2000000000,0.3650000000,15.7079632679,10.3823000000,75.0356512368,1957.3290218264,False,False
0,0,20,0.2500000000,0.3650000000,12.5663706144,10.3823000000,82.1572841718,2428.2865136593,False,False
0,0,25,0.1000000000,0.3625000000,49.0873852123,10.3823000000,49.7117956034,663.3833608560,True,False
0,0,25,0.1500000000,0.3625000000,32.7249234749,10.3823000000,57.2851969461,975.0902810131,True,False
0,0,25,0.2000000000,0.3625000000,24.5436926062,10.3823000000,63.7351680954,1283.6230726193,True,False
0,0,25,0.2500000000,0.3625000000,19.6349540849,10.3823000000,69.4499962360,1590.1353445647,True,True
0,0,28,0.1000000000,0.3610000000,61.5752160104,10.3823000000,46.4690413984,537.8600343224,True,False
0,0,28,0.1500000000,0.3610000000,41.0501440069,10.3823000000,53.2135495134,789.3703358832,True,False
0,0,28,0.2000000000,0.3610000000,30.7876080052,10.3823000000,58.9713053711,1038.0207028234,True,False
0,0,28,0.2500000000,0.3610000000,24.6300864041,10.3823000000,64.0797395887,1284.8504061456,True,False
0,1,12,0.1000000000,0.2190000000,11.3097335529,4.1674250560,77.8193951976,1830.8627631731,False,False
0,1,12,0.1500000000,0.2190000000,7.5398223686,4.1674250560,91.6047088121,2707.5198655675,False,False
0,1,12,0.2000000000,0.2190000000,5.6548667765,4.1674250560,103.2741002153,3578.5869009944,False,False
0,1,12,0.2500000000,0.2190000000,4.5238934212,4.1674250560,113.5783247432,4446.0907922338,False,False
0,1,16,0.1000000000,0.2170000000,20.1061929830,4.1674250560,63.5661440304,1065.4823842569,True,False
0,1,16,0.1500000000,0.2170000000,13.4041286553,4.1674250560,73.9349992735,1570.0439235710,True,False
0,1,16,0.2000000000,0.2170000000,10.0530964915,4.1674250560,82.7390921228,2070.3278641191,False,False
0,1,16,0.2500000000,0.2170000000,8.0424771932,4.1674250560,90.5264437904,2567.8878715295,False,False
0,1,20,0.1000000000,0.2150000000,31.4159265359,4.1674250560,55.3024344779,704.3900802390,True,False
0,1,20,0.1500000000,0.2150000000,20.9439510239,4.1674250560,63.5991421498,1034.8389635563,True,False
0,1,20,0.2000000000,0.2150000000,15.7079632679,4.1674250560,70.6703254367,1361.7977743327,True,False
0,1,20,0.2500000000,0.2150000000,12.5663706144,4.1674250560,76.9381769573,1686.5349662687,True,True
0,1,25,0.1000000000,0.2125000000,49.0873852123,4.1674250560,49.0253103920,468.4545239011,True,False
0,1,25,0.1500000000,0.2125000000,32.7249234749,4.1674250560,55.6410717378,686.1511548827,True,False
0,1,25,0.2000000000,0.2125000000,24.5436926062,4.1674250560,61.3110744774,900.9921074370,True,False
0,1,25,0.2500000000,0.2125000000,19.6349540849,4.1674250560,66.3529734163,1114.0137217546,True,False
0,1,28,0.1000000000,0.2110000000,61.5752160104,4.1674250560,46.4981049614,381.7277571926,True,False
0,1,28,0.1500000000,0.2110000000,41.0501440069,4.1674250560,52.3833629184,558.3210239896,True,False
0,1,28,0.2000000000,0.2110000000,30.7876080052,4.1674250560,57.4461386269,732.3343590448,True,False
0,1,28,0.2500000000,0.2110000000,24.6300864041,4.1674250560,61.9578403479,904.7017557051,True,False
0,2,12,0.1000000000,0.2190000000,11.3097335529,5.1151701617,95.5168822404,2247.2328717570,False,False
0,2,12,0.1500000000,0.2190000000,7.5398223686,5.1151701617,112.4372164812,3323.2570814281,False,False
0,2,12,0.2000000000,0.2190000000,5.6548667765,5.1151701617,126.7604309144,4392.4199454555,False,False
0,2,12,0.2500000000,0.2190000000,4.5238934212,5.1151701617,139.4080157268,5457.2093441932,False,False
0,2,16,0.1000000000,0.2170000000,20.1061929830,5.1151701617,78.0221932901,1307.7916522974,True,False
0,2,16,0.1500000000,0.2170000000,13.4041286553,5.1151701617,90.7491069690,1927.0992813443,False,False
0,2,16,0.2000000000,0.2170000000,10.0530964915,5.1151701617,101.5554040082,2541.1565110972,False,False
0,2,16,0.2500000000,0.2170000000,8.0424771932,5.1151701617,111.1137351969,3151.8703378322,False,False
0,2,20,0.1000000000,0.2150000000,31.4159265359,5.1151701617,67.8791721296,864.5806636588,True,False
0,2,20,0.1500000000,0.2150000000,20.9439510239,5.1151701617,78.0626957570,1270.1793835428,True,False
0,2,20,0.2000000000,0.2150000000,15.7079632679,5.1151701617,86.7419893908,1671.4943275498,True,True
0,2,20,0.2500000000,0.2150000000,12.5663706144,5.1151701617,94.4352596105,2070.0824178640,False,False
0,2,25,0.1000000000,0.2125000000,49.0873852123,5.1151701617,60.1745206014,574.9892488988,True,False
0,2,25,0.1500000000,0.2125000000,32.7249234749,5.1151701617,68.2948214055,842.1938887292,True,False
0,2,25,0.2000000000,0.2125000000,24.5436926062,5.1151701617,75.2542816096,1105.8934190768,True,False
0,2,25,0.2500000000,0.2125000000,19.6349540849,5.1151701617,81.4427962594,1367.3598619574,True,False
0,2,28,0.1000000000,0.2110000000,61.5752160104,5.1151701617,57.0725846008,468.5393035896,True,False
0,2,28,0.1500000000,0.2110000000,41.0501440069,5.1151701617,64.2962528111,685.2929576916,True,False
0,2,28,0.2000000000,0.2110000000,30.7876080052,5.1151701617,70.5103919718,898.8799585996,True,False
0,2,28,0.2500000000,0.2110000000,24.6300864041,5.1151701617,76.0481333137,1110.4467060289,True,False
1,0,12,0.1000000000,0.3190000000,11.3097335529,9.7262000000,99.5562616704,2894.8291385277,False,False
1,0,12,0.1500000000,0.3190000000,7.5398223686,9.7262000000,117.9378566742,4289.6678434098,False,False
1,0,12,0.2000000000,0.3190000000,5.6548667765,9.7262000000,133.4786348660,5677.1081958264,False,False
1,0,12,0.2500000000,0.3190000000,4.5238934212,9.7262000000,147.1918596247,7059.8299601383,False,False
1,0,16,0.1000000000,0.3170000000,20.1061929830,9.7262000000,80.0430248937,1674.0415789671,True,True
1,0,16,0.1500000000,0.3170000000,13.4041286553,9.7262000000,93.8550429140,2472.6297609235,False,False
1,0,16,0.2000000000,0.3170000000,10.0530964915,9.7262000000,105.5574613992,3265.5879673548,False,False
1,0,16,0.2500000000,0.3170000000,8.0424771932,9.7262000000,115.8959707089,4054.9588543251,False,False
1,0,20,0.1000000000,0.3150000000,31.4159265359,9.7262000000,68.5697846842,1100.2130553910,True,False
1,0,20,0.1500000000,0.3150000000,20.9439510239,9.7262000000,79.6187058178,1620.4478422431,True,False
1,0,20,0.2000000000,0.3150000000,15.7079632679,9.7262000000,89.0050252974,2136.1119124090,False,False
1,0,20,0.2500000000,0.3150000000,12.5663706144,9.7262000000,97.3097447400,2648.8656871917,False,False
1,0,25,0.1000000000,0.3125000000,49.0873852123,9.7262000000,59.6595544414,726.7607108264,True,False
1,0,25,0.1500000000,0.3125000000,32.7249234749,9.7262000000,68.4753361396,1067.1887893164,True,False
1,0,25,0.2000000000,0.3125000000,24.5436926062,9.7262000000,75.9945174233,1403.8948734999,True,False
1,0,25,0.2500000000,0.3125000000,19.6349540849,9.7262000000,82.6622935361,1738.2316558495,False,False
1,0,28,0.1000000000,0.3110000000,61.5752160104,9.7262000000,55.9703596680,589.9865665785,True,False
1,0,28,0.1500000000,0.3110000000,41.0501440069,9.7262000000,63.8190024096,865.0205998546,True,False
1,0,28,0.2000000000,0.3110000000,30.7876080052,9.7262000000,70.5314543974,1136.6984215198,True,False
1,0,28,0.2500000000,0.3110000000,24.6300864041,9.7262000000,76.4930736212,1406.2390934482,True,False
1,1,12,0.1000000000,0.2190000000,11.3097335529,4.0546635299,75.7137703475,1781.3235689734,False,False
1,1,12,0.1500000000,0.2190000000,7.5398223686,4.0546635299,89.1260831332,2634.2602225632,False,False
1,1,12,0.2000000000,0.2190000000,5.6548667765,4.0546635299,100.4797259950,3481.7580643307,False,False
1,1,12,0.2500000000,0.2190000000,4.5238934212,4.0546635299,110.5051404503,4325.7891729010,False,False
1,1,16,0.1000000000,0.2170000000,20.1061929830,4.0546635299,61.8461813893,1036.6527309307,True,False
1,1,16,0.1500000000,0.2170000000,13.4041286553,4.0546635299,71.9344777922,1527.5619241572,True,False
1,1,16,0.2000000000,0.2170000000,10.0530964915,4.0546635299,80.5003508938,2014.3092612065,False,False
1,1,16,0.2500000000,0.2170000000,8.0424771932,4.0546635299,88.0769936354,2498.4063688688,False,False
1,1,20,0.1000000000,0.2150000000,31.4159265359,4.0546635299,53.8060699790,685.3308051916,True,False
1,1,20,0.1500000000,0.2150000000,20.9439510239,4.0546635299,61.8782866508,1006.8384550462,True,False
1,1,20,0.2000000000,0.2150000000,15.7079632679,4.0546635299,68.7581389821,1324.9504661891,True,False
1,1,20,0.2500000000,0.2150000000,12.5663706144,4.0546635299,74.8563959706,1640.9009707016,True,True
1,1,25,0.1000000000,0.2125000000,49.0873852123,4.0546635299,47.6987913207,455.7791557085,True,False
1,1,25,0.1500000000,0.2125000000,32.7249234749,4.0546635299,54.1355444456,667.5853857842,True,False
1,1,25,0.2000000000,0.2125000000,24.5436926062,4.0546635299,59.6521291505,876.6132059264,True,False
1,1,25,0.2500000000,0.2125000000,19.6349540849,4.0546635299,64.5576051878,1083.8709151974,True,False
1,1,28,0.1000000000,0.2110000000,61.5752160104,4.0546635299,45.2399666137,371.3990280954,True,False
1,1,28,0.1500000000,0.2110000000,41.0501440069,4.0546635299,50.9659821946,543.2140622939,True,False
1,1,28,0.2000000000,0.2110000000,30.7876080052,4.0546635299,55.8917701211,712.5189721346,True,False
1,1,28,0.2500000000,0.2110000000,24.6300864041,4.0546635299,60.2813949327,880.2224791202,True,False
1,2,12,0.1000000000,0.2190000000,11.3097335529,3.9756443653,74.2382252517,1746.6083085356,False,False
1,2,12,0.1500000000,0.2190000000,7.5398223686,3.9756443653,87.3891526610,2582.9225367658,False,False
1,2,12,0.2000000000,0.2190000000,5.6548667765,3.9756443653,98.5215304614,3413.9039472629,False,False
1,2,12,0.2500000000,0.2190000000,4.5238934212,3.9756443653,108.3515649869,4241.4861858681,False,False
1,2,16,0.1000000000,0.2170000000,20.1061929830,3.9756443653,60.6408943031,1016.4499613920,True,False
1,2,16,0.1500000000,0.2170000000,13.4041286553,3.9756443653,70.5325853036,1497.7920884262,True,False
1,2,16,0.2000000000,0.2170000000,10.0530964915,3.9756443653,78.9315226947,1975.0534674680,False,False
1,2,16,0.2500000000,0.2170000000,8.0424771932,3.9756443653,86.3605083062,2449.7162660230,False,False
1,2,20,0.1000000000,0.2150000000,31.4159265359,3.9756443653,52.7574723154,671.9747603928,True,False
1,2,20,0.1500000000,0.2150000000,20.9439510239,3.9756443653,60.6723738823,987.2167199530,True,False
1,2,20,0.2000000000,0.2150000000,15.7079632679,3.9756443653,67.4181484584,1299.1292165845,True,False
1,2,20,0.2500000000,0.2150000000,12.5663706144,3.9756443653,73.3975597845,1608.9223310301,True,True
1,2,25,0.1000000000,0.2125000000,49.0873852123,3.9756443653,46.7692151381,446.8967199915,True,False
1,2,25,0.1500000000,0.2125000000,32.7249234749,3.9756443653,53.0805258307,654.5751719546,True,False
1,2,25,0.2000000000,0.2125000000,24.5436926062,3.9756443653,58.4896007726,859.5293609265,True,False
1,2,25,0.2500000000,0.2125000000,19.6349540849,3.9756443653,63.2994766162,1062.7479357694,True,False
1,2,28,0.1000000000,0.2110000000,61.5752160104,3.9756443653,44.3583091482,364.1610314668,True,False
1,2,28,0.1500000000,0.2110000000,41.0501440069,3.9756443653,49.9727334799,532.6276545382,True,False
1,2,28,0.2000000000,0.2110000000,30.7876080052,3.9756443653,54.8025253652,698.6330717202,True,False
1,2,28,0.2500000000,0.2110000000,24.6300864041,3.9756443653,59.1066031312,863.0682949292,True,False
