option,tt,tb,TBase,Base,toe,heel,DB,spacing,stem_height,d,Mstem,Mtoe,Mheel,FSot,FSsl,FSbc,known_checks_only,complete_WSD
1,0.2000000000,0.3000000000,0.3000000000,3.0000000000,0.6000000000,2.1000000000,12,0.1000000000,4.7000000000,0.2190000000,10.3823000000,1.8072257376,8.8618219680,3.2292404310,1.8986808511,1.5304938745,False,UNVERIFIED
1,0.2000000000,0.3000000000,0.3000000000,3.0000000000,0.6000000000,2.1000000000,12,0.1500000000,4.7000000000,0.2190000000,10.3823000000,1.8072257376,8.8618219680,3.2292404310,1.8986808511,1.5304938745,False,UNVERIFIED
1,0.2000000000,0.3000000000,0.3000000000,3.0000000000,0.6000000000,2.1000000000,12,0.2000000000,4.7000000000,0.2190000000,10.3823000000,1.8072257376,8.8618219680,3.2292404310,1.8986808511,1.5304938745,False,UNVERIFIED
1,0.2000000000,0.3000000000,0.3000000000,3.0000000000,0.6000000000,2.1000000000,12,0.2500000000,4.7000000000,0.2190000000,10.3823000000,1.8072257376,8.8618219680,3.2292404310,1.8986808511,1.5304938745,False,UNVERIFIED
1,0.2000000000,0.3000000000,0.3000000000,3.0000000000,0.6000000000,2.1000000000,16,0.1000000000,4.7000000000,0.2170000000,10.3823000000,1.8072257376,8.8618219680,3.2292404310,1.8986808511,1.5304938745,False,UNVERIFIED
1,0.2000000000,0.3000000000,0.3000000000,3.0000000000,0.6000000000,2.1000000000,16,0.1500000000,4.7000000000,0.2170000000,10.3823000000,1.8072257376,8.8618219680,3.2292404310,1.8986808511,1.5304938745,False,UNVERIFIED
1,0.2000000000,0.3000000000,0.3000000000,3.0000000000,0.6000000000,2.1000000000,16,0.2000000000,4.7000000000,0.2170000000,10.3823000000,1.8072257376,8.8618219680,3.2292404310,1.8986808511,1.5304938745,False,UNVERIFIED
1,0.2000000000,0.3000000000,0.3000000000,3.0000000000,0.6000000000,2.1000000000,16,0.2500000000,4.7000000000,0.2170000000,10.3823000000,1.8072257376,8.8618219680,3.2292404310,1.8986808511,1.5304938745,False,UNVERIFIED
1,0.2000000000,0.3000000000,0.3000000000,3.0000000000,0.6000000000,2.1000000000,20,0.1000000000,4.7000000000,0.2150000000,10.3823000000,1.8072257376,8.8618219680,3.2292404310,1.8986808511,1.5304938745,False,UNVERIFIED
1,0.2000000000,0.3000000000,0.3000000000,3.0000000000,0.6000000000,2.1000000000,20,0.1500000000,4.7000000000,0.2150000000,10.3823000000,1.8072257376,8.8618219680,3.2292404310,1.8986808511,1.5304938745,False,UNVERIFIED
1,0.2000000000,0.3000000000,0.3000000000,3.0000000000,0.6000000000,2.1000000000,20,0.2000000000,4.7000000000,0.2150000000,10.3823000000,1.8072257376,8.8618219680,3.2292404310,1.8986808511,1.5304938745,False,UNVERIFIED
1,0.2000000000,0.3000000000,0.3000000000,3.0000000000,0.6000000000,2.1000000000,20,0.2500000000,4.7000000000,0.2150000000,10.3823000000,1.8072257376,8.8618219680,3.2292404310,1.8986808511,1.5304938745,False,UNVERIFIED
1,0.2000000000,0.3000000000,0.3000000000,3.0000000000,0.6000000000,2.1000000000,25,0.1000000000,4.7000000000,0.2125000000,10.3823000000,1.8072257376,8.8618219680,3.2292404310,1.8986808511,1.5304938745,True,UNVERIFIED
1,0.2000000000,0.3000000000,0.3000000000,3.0000000000,0.6000000000,2.1000000000,25,0.1500000000,4.7000000000,0.2125000000,10.3823000000,1.8072257376,8.8618219680,3.2292404310,1.8986808511,1.5304938745,False,UNVERIFIED
1,0.2000000000,0.3000000000,0.3000000000,3.0000000000,0.6000000000,2.1000000000,25,0.2000000000,4.7000000000,0.2125000000,10.3823000000,1.8072257376,8.8618219680,3.2292404310,1.8986808511,1.5304938745,False,UNVERIFIED
1,0.2000000000,0.3000000000,0.3000000000,3.0000000000,0.6000000000,2.1000000000,25,0.2500000000,4.7000000000,0.2125000000,10.3823000000,1.8072257376,8.8618219680,3.2292404310,1.8986808511,1.5304938745,False,UNVERIFIED
1,0.2000000000,0.3000000000,0.3000000000,3.0000000000,0.6000000000,2.1000000000,28,0.1000000000,4.7000000000,0.2110000000,10.3823000000,1.8072257376,8.8618219680,3.2292404310,1.8986808511,1.5304938745,True,UNVERIFIED
1,0.2000000000,0.3000000000,0.3000000000,3.0000000000,0.6000000000,2.1000000000,28,0.1500000000,4.7000000000,0.2110000000,10.3823000000,1.8072257376,8.8618219680,3.2292404310,1.8986808511,1.5304938745,True,UNVERIFIED
1,0.2000000000,0.3000000000,0.3000000000,3.0000000000,0.6000000000,2.1000000000,28,0.2000000000,4.7000000000,0.2110000000,10.3823000000,1.8072257376,8.8618219680,3.2292404310,1.8986808511,1.5304938745,False,UNVERIFIED
1,0.2000000000,0.3000000000,0.3000000000,3.0000000000,0.6000000000,2.1000000000,28,0.2500000000,4.7000000000,0.2110000000,10.3823000000,1.8072257376,8.8618219680,3.2292404310,1.8986808511,1.5304938745,False,UNVERIFIED
2,0.2000000000,0.3500000000,0.3500000000,3.0000000000,0.6000000000,2.0500000000,12,0.1000000000,4.6500000000,0.2690000000,10.0544625000,1.7839900456,8.5511246648,3.2351451759,1.8949180645,1.5437151642,False,UNVERIFIED
2,0.2000000000,0.3500000000,0.3500000000,3.0000000000,0.6000000000,2.0500000000,12,0.1500000000,4.6500000000,0.2690000000,10.0544625000,1.7839900456,8.5511246648,3.2351451759,1.8949180645,1.5437151642,False,UNVERIFIED
2,0.2000000000,0.3500000000,0.3500000000,3.0000000000,0.6000000000,2.0500000000,12,0.2000000000,4.6500000000,0.2690000000,10.0544625000,1.7839900456,8.5511246648,3.2351451759,1.8949180645,1.5437151642,False,UNVERIFIED
2,0.2000000000,0.3500000000,0.3500000000,3.0000000000,0.6000000000,2.0500000000,12,0.2500000000,4.6500000000,0.2690000000,10.0544625000,1.7839900456,8.5511246648,3.2351451759,1.8949180645,1.5437151642,False,UNVERIFIED
2,0.2000000000,0.3500000000,0.3500000000,3.0000000000,0.6000000000,2.0500000000,16,0.1000000000,4.6500000000,0.2670000000,10.0544625000,1.7839900456,8.5511246648,3.2351451759,1.8949180645,1.5437151642,False,UNVERIFIED
2,0.2000000000,0.3500000000,0.3500000000,3.0000000000,0.6000000000,2.0500000000,16,0.1500000000,4.6500000000,0.2670000000,10.0544625000,1.7839900456,8.5511246648,3.2351451759,1.8949180645,1.5437151642,False,UNVERIFIED
2,0.2000000000,0.3500000000,0.3500000000,3.0000000000,0.6000000000,2.0500000000,16,0.2000000000,4.6500000000,0.2670000000,10.0544625000,1.7839900456,8.5511246648,3.2351451759,1.8949180645,1.5437151642,False,UNVERIFIED
2,0.2000000000,0.3500000000,0.3500000000,3.0000000000,0.6000000000,2.0500000000,16,0.2500000000,4.6500000000,0.2670000000,10.0544625000,1.7839900456,8.5511246648,3.2351451759,1.8949180645,1.5437151642,False,UNVERIFIED
2,0.2000000000,0.3500000000,0.3500000000,3.0000000000,0.6000000000,2.0500000000,20,0.1000000000,4.6500000000,0.2650000000,10.0544625000,1.7839900456,8.5511246648,3.2351451759,1.8949180645,1.5437151642,True,UNVERIFIED
2,0.2000000000,0.3500000000,0.3500000000,3.0000000000,0.6000000000,2.0500000000,20,0.1500000000,4.6500000000,0.2650000000,10.0544625000,1.7839900456,8.5511246648,3.2351451759,1.8949180645,1.5437151642,False,UNVERIFIED
2,0.2000000000,0.3500000000,0.3500000000,3.0000000000,0.6000000000,2.0500000000,20,0.2000000000,4.6500000000,0.2650000000,10.0544625000,1.7839900456,8.5511246648,3.2351451759,1.8949180645,1.5437151642,False,UNVERIFIED
2,0.2000000000,0.3500000000,0.3500000000,3.0000000000,0.6000000000,2.0500000000,20,0.2500000000,4.6500000000,0.2650000000,10.0544625000,1.7839900456,8.5511246648,3.2351451759,1.8949180645,1.5437151642,False,UNVERIFIED
2,0.2000000000,0.3500000000,0.3500000000,3.0000000000,0.6000000000,2.0500000000,25,0.1000000000,4.6500000000,0.2625000000,10.0544625000,1.7839900456,8.5511246648,3.2351451759,1.8949180645,1.5437151642,True,UNVERIFIED
2,0.2000000000,0.3500000000,0.3500000000,3.0000000000,0.6000000000,2.0500000000,25,0.1500000000,4.6500000000,0.2625000000,10.0544625000,1.7839900456,8.5511246648,3.2351451759,1.8949180645,1.5437151642,True,UNVERIFIED
2,0.2000000000,0.3500000000,0.3500000000,3.0000000000,0.6000000000,2.0500000000,25,0.2000000000,4.6500000000,0.2625000000,10.0544625000,1.7839900456,8.5511246648,3.2351451759,1.8949180645,1.5437151642,False,UNVERIFIED
2,0.2000000000,0.3500000000,0.3500000000,3.0000000000,0.6000000000,2.0500000000,25,0.2500000000,4.6500000000,0.2625000000,10.0544625000,1.7839900456,8.5511246648,3.2351451759,1.8949180645,1.5437151642,False,UNVERIFIED
2,0.2000000000,0.3500000000,0.3500000000,3.0000000000,0.6000000000,2.0500000000,28,0.1000000000,4.6500000000,0.2610000000,10.0544625000,1.7839900456,8.5511246648,3.2351451759,1.8949180645,1.5437151642,True,UNVERIFIED
2,0.2000000000,0.3500000000,0.3500000000,3.0000000000,0.6000000000,2.0500000000,28,0.1500000000,4.6500000000,0.2610000000,10.0544625000,1.7839900456,8.5511246648,3.2351451759,1.8949180645,1.5437151642,True,UNVERIFIED
2,0.2000000000,0.3500000000,0.3500000000,3.0000000000,0.6000000000,2.0500000000,28,0.2000000000,4.6500000000,0.2610000000,10.0544625000,1.7839900456,8.5511246648,3.2351451759,1.8949180645,1.5437151642,True,UNVERIFIED
2,0.2000000000,0.3500000000,0.3500000000,3.0000000000,0.6000000000,2.0500000000,28,0.2500000000,4.6500000000,0.2610000000,10.0544625000,1.7839900456,8.5511246648,3.2351451759,1.8949180645,1.5437151642,False,UNVERIFIED
3,0.2000000000,0.4000000000,0.4000000000,3.0000000000,0.6000000000,2.0000000000,12,0.1000000000,4.6000000000,0.3190000000,9.7336000000,1.7612884809,8.2380071414,3.2409053157,1.8912834783,1.5567618318,False,UNVERIFIED
3,0.2000000000,0.4000000000,0.4000000000,3.0000000000,0.6000000000,2.0000000000,12,0.1500000000,4.6000000000,0.3190000000,9.7336000000,1.7612884809,8.2380071414,3.2409053157,1.8912834783,1.5567618318,False,UNVERIFIED
3,0.2000000000,0.4000000000,0.4000000000,3.0000000000,0.6000000000,2.0000000000,12,0.2000000000,4.6000000000,0.3190000000,9.7336000000,1.7612884809,8.2380071414,3.2409053157,1.8912834783,1.5567618318,False,UNVERIFIED
3,0.2000000000,0.4000000000,0.4000000000,3.0000000000,0.6000000000,2.0000000000,12,0.2500000000,4.6000000000,0.3190000000,9.7336000000,1.7612884809,8.2380071414,3.2409053157,1.8912834783,1.5567618318,False,UNVERIFIED
3,0.2000000000,0.4000000000,0.4000000000,3.0000000000,0.6000000000,2.0000000000,16,0.1000000000,4.6000000000,0.3170000000,9.7336000000,1.7612884809,8.2380071414,3.2409053157,1.8912834783,1.5567618318,True,UNVERIFIED
3,0.2000000000,0.4000000000,0.4000000000,3.0000000000,0.6000000000,2.0000000000,16,0.1500000000,4.6000000000,0.3170000000,9.7336000000,1.7612884809,8.2380071414,3.2409053157,1.8912834783,1.5567618318,False,UNVERIFIED
3,0.2000000000,0.4000000000,0.4000000000,3.0000000000,0.6000000000,2.0000000000,16,0.2000000000,4.6000000000,0.3170000000,9.7336000000,1.7612884809,8.2380071414,3.2409053157,1.8912834783,1.5567618318,False,UNVERIFIED
3,0.2000000000,0.4000000000,0.4000000000,3.0000000000,0.6000000000,2.0000000000,16,0.2500000000,4.6000000000,0.3170000000,9.7336000000,1.7612884809,8.2380071414,3.2409053157,1.8912834783,1.5567618318,False,UNVERIFIED
3,0.2000000000,0.4000000000,0.4000000000,3.0000000000,0.6000000000,2.0000000000,20,0.1000000000,4.6000000000,0.3150000000,9.7336000000,1.7612884809,8.2380071414,3.2409053157,1.8912834783,1.5567618318,True,UNVERIFIED
3,0.2000000000,0.4000000000,0.4000000000,3.0000000000,0.6000000000,2.0000000000,20,0.1500000000,4.6000000000,0.3150000000,9.7336000000,1.7612884809,8.2380071414,3.2409053157,1.8912834783,1.5567618318,True,UNVERIFIED
3,0.2000000000,0.4000000000,0.4000000000,3.0000000000,0.6000000000,2.0000000000,20,0.2000000000,4.6000000000,0.3150000000,9.7336000000,1.7612884809,8.2380071414,3.2409053157,1.8912834783,1.5567618318,False,UNVERIFIED
3,0.2000000000,0.4000000000,0.4000000000,3.0000000000,0.6000000000,2.0000000000,20,0.2500000000,4.6000000000,0.3150000000,9.7336000000,1.7612884809,8.2380071414,3.2409053157,1.8912834783,1.5567618318,False,UNVERIFIED
3,0.2000000000,0.4000000000,0.4000000000,3.0000000000,0.6000000000,2.0000000000,25,0.1000000000,4.6000000000,0.3125000000,9.7336000000,1.7612884809,8.2380071414,3.2409053157,1.8912834783,1.5567618318,True,UNVERIFIED
3,0.2000000000,0.4000000000,0.4000000000,3.0000000000,0.6000000000,2.0000000000,25,0.1500000000,4.6000000000,0.3125000000,9.7336000000,1.7612884809,8.2380071414,3.2409053157,1.8912834783,1.5567618318,True,UNVERIFIED
3,0.2000000000,0.4000000000,0.4000000000,3.0000000000,0.6000000000,2.0000000000,25,0.2000000000,4.6000000000,0.3125000000,9.7336000000,1.7612884809,8.2380071414,3.2409053157,1.8912834783,1.5567618318,True,UNVERIFIED
3,0.2000000000,0.4000000000,0.4000000000,3.0000000000,0.6000000000,2.0000000000,25,0.2500000000,4.6000000000,0.3125000000,9.7336000000,1.7612884809,8.2380071414,3.2409053157,1.8912834783,1.5567618318,False,UNVERIFIED
3,0.2000000000,0.4000000000,0.4000000000,3.0000000000,0.6000000000,2.0000000000,28,0.1000000000,4.6000000000,0.3110000000,9.7336000000,1.7612884809,8.2380071414,3.2409053157,1.8912834783,1.5567618318,True,UNVERIFIED
3,0.2000000000,0.4000000000,0.4000000000,3.0000000000,0.6000000000,2.0000000000,28,0.1500000000,4.6000000000,0.3110000000,9.7336000000,1.7612884809,8.2380071414,3.2409053157,1.8912834783,1.5567618318,True,UNVERIFIED
3,0.2000000000,0.4000000000,0.4000000000,3.0000000000,0.6000000000,2.0000000000,28,0.2000000000,4.6000000000,0.3110000000,9.7336000000,1.7612884809,8.2380071414,3.2409053157,1.8912834783,1.5567618318,True,UNVERIFIED
3,0.2000000000,0.4000000000,0.4000000000,3.0000000000,0.6000000000,2.0000000000,28,0.2500000000,4.6000000000,0.3110000000,9.7336000000,1.7612884809,8.2380071414,3.2409053157,1.8912834783,1.5567618318,True,UNVERIFIED
4,0.2500000000,0.4500000000,0.4500000000,3.0000000000,0.6000000000,1.9500000000,12,0.1000000000,4.5500000000,0.3690000000,9.4196375000,1.7759640903,7.8973892752,3.2626326947,1.9091802198,1.5426863781,False,UNVERIFIED
4,0.2500000000,0.4500000000,0.4500000000,3.0000000000,0.6000000000,1.9500000000,12,0.1500000000,4.5500000000,0.3690000000,9.4196375000,1.7759640903,7.8973892752,3.2626326947,1.9091802198,1.5426863781,False,UNVERIFIED
4,0.2500000000,0.4500000000,0.4500000000,3.0000000000,0.6000000000,1.9500000000,12,0.2000000000,4.5500000000,0.3690000000,9.4196375000,1.7759640903,7.8973892752,3.2626326947,1.9091802198,1.5426863781,False,UNVERIFIED
4,0.2500000000,0.4500000000,0.4500000000,3.0000000000,0.6000000000,1.9500000000,12,0.2500000000,4.5500000000,0.3690000000,9.4196375000,1.7759640903,7.8973892752,3.2626326947,1.9091802198,1.5426863781,False,UNVERIFIED
4,0.2500000000,0.4500000000,0.4500000000,3.0000000000,0.6000000000,1.9500000000,16,0.1000000000,4.5500000000,0.3670000000,9.4196375000,1.7759640903,7.8973892752,3.2626326947,1.9091802198,1.5426863781,True,UNVERIFIED
4,0.2500000000,0.4500000000,0.4500000000,3.0000000000,0.6000000000,1.9500000000,16,0.1500000000,4.5500000000,0.3670000000,9.4196375000,1.7759640903,7.8973892752,3.2626326947,1.9091802198,1.5426863781,False,UNVERIFIED
4,0.2500000000,0.4500000000,0.4500000000,3.0000000000,0.6000000000,1.9500000000,16,0.2000000000,4.5500000000,0.3670000000,9.4196375000,1.7759640903,7.8973892752,3.2626326947,1.9091802198,1.5426863781,False,UNVERIFIED
4,0.2500000000,0.4500000000,0.4500000000,3.0000000000,0.6000000000,1.9500000000,16,0.2500000000,4.5500000000,0.3670000000,9.4196375000,1.7759640903,7.8973892752,3.2626326947,1.9091802198,1.5426863781,False,UNVERIFIED
4,0.2500000000,0.4500000000,0.4500000000,3.0000000000,0.6000000000,1.9500000000,20,0.1000000000,4.5500000000,0.3650000000,9.4196375000,1.7759640903,7.8973892752,3.2626326947,1.9091802198,1.5426863781,True,UNVERIFIED
4,0.2500000000,0.4500000000,0.4500000000,3.0000000000,0.6000000000,1.9500000000,20,0.1500000000,4.5500000000,0.3650000000,9.4196375000,1.7759640903,7.8973892752,3.2626326947,1.9091802198,1.5426863781,True,UNVERIFIED
4,0.2500000000,0.4500000000,0.4500000000,3.0000000000,0.6000000000,1.9500000000,20,0.2000000000,4.5500000000,0.3650000000,9.4196375000,1.7759640903,7.8973892752,3.2626326947,1.9091802198,1.5426863781,False,UNVERIFIED
4,0.2500000000,0.4500000000,0.4500000000,3.0000000000,0.6000000000,1.9500000000,20,0.2500000000,4.5500000000,0.3650000000,9.4196375000,1.7759640903,7.8973892752,3.2626326947,1.9091802198,1.5426863781,False,UNVERIFIED
4,0.2500000000,0.4500000000,0.4500000000,3.0000000000,0.6000000000,1.9500000000,25,0.1000000000,4.5500000000,0.3625000000,9.4196375000,1.7759640903,7.8973892752,3.2626326947,1.9091802198,1.5426863781,True,UNVERIFIED
4,0.2500000000,0.4500000000,0.4500000000,3.0000000000,0.6000000000,1.9500000000,25,0.1500000000,4.5500000000,0.3625000000,9.4196375000,1.7759640903,7.8973892752,3.2626326947,1.9091802198,1.5426863781,True,UNVERIFIED
4,0.2500000000,0.4500000000,0.4500000000,3.0000000000,0.6000000000,1.9500000000,25,0.2000000000,4.5500000000,0.3625000000,9.4196375000,1.7759640903,7.8973892752,3.2626326947,1.9091802198,1.5426863781,True,UNVERIFIED
4,0.2500000000,0.4500000000,0.4500000000,3.0000000000,0.6000000000,1.9500000000,25,0.2500000000,4.5500000000,0.3625000000,9.4196375000,1.7759640903,7.8973892752,3.2626326947,1.9091802198,1.5426863781,True,UNVERIFIED
4,0.2500000000,0.4500000000,0.4500000000,3.0000000000,0.6000000000,1.9500000000,28,0.1000000000,4.5500000000,0.3610000000,9.4196375000,1.7759640903,7.8973892752,3.2626326947,1.9091802198,1.5426863781,True,UNVERIFIED
4,0.2500000000,0.4500000000,0.4500000000,3.0000000000,0.6000000000,1.9500000000,28,0.1500000000,4.5500000000,0.3610000000,9.4196375000,1.7759640903,7.8973892752,3.2626326947,1.9091802198,1.5426863781,True,UNVERIFIED
4,0.2500000000,0.4500000000,0.4500000000,3.0000000000,0.6000000000,1.9500000000,28,0.2000000000,4.5500000000,0.3610000000,9.4196375000,1.7759640903,7.8973892752,3.2626326947,1.9091802198,1.5426863781,True,UNVERIFIED
4,0.2500000000,0.4500000000,0.4500000000,3.0000000000,0.6000000000,1.9500000000,28,0.2500000000,4.5500000000,0.3610000000,9.4196375000,1.7759640903,7.8973892752,3.2626326947,1.9091802198,1.5426863781,True,UNVERIFIED
5,0.2500000000,0.5000000000,0.5000000000,3.0000000000,0.6000000000,1.9000000000,12,0.1000000000,4.5000000000,0.4190000000,9.1125000000,1.7531109704,7.5799034316,3.2687054074,1.9056400000,1.5558404835,False,UNVERIFIED
5,0.2500000000,0.5000000000,0.5000000000,3.0000000000,0.6000000000,1.9000000000,12,0.1500000000,4.5000000000,0.4190000000,9.1125000000,1.7531109704,7.5799034316,3.2687054074,1.9056400000,1.5558404835,False,UNVERIFIED
5,0.2500000000,0.5000000000,0.5000000000,3.0000000000,0.6000000000,1.9000000000,12,0.2000000000,4.5000000000,0.4190000000,9.1125000000,1.7531109704,7.5799034316,3.2687054074,1.9056400000,1.5558404835,False,UNVERIFIED
5,0.2500000000,0.5000000000,0.5000000000,3.0000000000,0.6000000000,1.9000000000,12,0.2500000000,4.5000000000,0.4190000000,9.1125000000,1.7531109704,7.5799034316,3.2687054074,1.9056400000,1.5558404835,False,UNVERIFIED
5,0.2500000000,0.5000000000,0.5000000000,3.0000000000,0.6000000000,1.9000000000,16,0.1000000000,4.5000000000,0.4170000000,9.1125000000,1.7531109704,7.5799034316,3.2687054074,1.9056400000,1.5558404835,True,UNVERIFIED
5,0.2500000000,0.5000000000,0.5000000000,3.0000000000,0.6000000000,1.9000000000,16,0.1500000000,4.5000000000,0.4170000000,9.1125000000,1.7531109704,7.5799034316,3.2687054074,1.9056400000,1.5558404835,False,UNVERIFIED
5,0.2500000000,0.5000000000,0.5000000000,3.0000000000,0.6000000000,1.9000000000,16,0.2000000000,4.5000000000,0.4170000000,9.1125000000,1.7531109704,7.5799034316,3.2687054074,1.9056400000,1.5558404835,False,UNVERIFIED
5,0.2500000000,0.5000000000,0.5000000000,3.0000000000,0.6000000000,1.9000000000,16,0.2500000000,4.5000000000,0.4170000000,9.1125000000,1.7531109704,7.5799034316,3.2687054074,1.9056400000,1.5558404835,False,UNVERIFIED
5,0.2500000000,0.5000000000,0.5000000000,3.0000000000,0.6000000000,1.9000000000,20,0.1000000000,4.5000000000,0.4150000000,9.1125000000,1.7531109704,7.5799034316,3.2687054074,1.9056400000,1.5558404835,True,UNVERIFIED
5,0.2500000000,0.5000000000,0.5000000000,3.0000000000,0.6000000000,1.9000000000,20,0.1500000000,4.5000000000,0.4150000000,9.1125000000,1.7531109704,7.5799034316,3.2687054074,1.9056400000,1.5558404835,True,UNVERIFIED
5,0.2500000000,0.5000000000,0.5000000000,3.0000000000,0.6000000000,1.9000000000,20,0.2000000000,4.5000000000,0.4150000000,9.1125000000,1.7531109704,7.5799034316,3.2687054074,1.9056400000,1.5558404835,True,UNVERIFIED
5,0.2500000000,0.5000000000,0.5000000000,3.0000000000,0.6000000000,1.9000000000,20,0.2500000000,4.5000000000,0.4150000000,9.1125000000,1.7531109704,7.5799034316,3.2687054074,1.9056400000,1.5558404835,False,UNVERIFIED
5,0.2500000000,0.5000000000,0.5000000000,3.0000000000,0.6000000000,1.9000000000,25,0.1000000000,4.5000000000,0.4125000000,9.1125000000,1.7531109704,7.5799034316,3.2687054074,1.9056400000,1.5558404835,True,UNVERIFIED
5,0.2500000000,0.5000000000,0.5000000000,3.0000000000,0.6000000000,1.9000000000,25,0.1500000000,4.5000000000,0.4125000000,9.1125000000,1.7531109704,7.5799034316,3.2687054074,1.9056400000,1.5558404835,True,UNVERIFIED
5,0.2500000000,0.5000000000,0.5000000000,3.0000000000,0.6000000000,1.9000000000,25,0.2000000000,4.5000000000,0.4125000000,9.1125000000,1.7531109704,7.5799034316,3.2687054074,1.9056400000,1.5558404835,True,UNVERIFIED
5,0.2500000000,0.5000000000,0.5000000000,3.0000000000,0.6000000000,1.9000000000,25,0.2500000000,4.5000000000,0.4125000000,9.1125000000,1.7531109704,7.5799034316,3.2687054074,1.9056400000,1.5558404835,True,UNVERIFIED
5,0.2500000000,0.5000000000,0.5000000000,3.0000000000,0.6000000000,1.9000000000,28,0.1000000000,4.5000000000,0.4110000000,9.1125000000,1.7531109704,7.5799034316,3.2687054074,1.9056400000,1.5558404835,True,UNVERIFIED
5,0.2500000000,0.5000000000,0.5000000000,3.0000000000,0.6000000000,1.9000000000,28,0.1500000000,4.5000000000,0.4110000000,9.1125000000,1.7531109704,7.5799034316,3.2687054074,1.9056400000,1.5558404835,True,UNVERIFIED
5,0.2500000000,0.5000000000,0.5000000000,3.0000000000,0.6000000000,1.9000000000,28,0.2000000000,4.5000000000,0.4110000000,9.1125000000,1.7531109704,7.5799034316,3.2687054074,1.9056400000,1.5558404835,True,UNVERIFIED
5,0.2500000000,0.5000000000,0.5000000000,3.0000000000,0.6000000000,1.9000000000,28,0.2500000000,4.5000000000,0.4110000000,9.1125000000,1.7531109704,7.5799034316,3.2687054074,1.9056400000,1.5558404835,True,UNVERIFIED
6,0.2500000000,0.6000000000,0.6000000000,3.5000000000,0.6000000000,2.3000000000,12,0.1000000000,4.4000000000,0.5190000000,8.5184000000,1.4775993999,7.6602890203,4.4972698926,2.2734218182,1.8074034400,True,UNVERIFIED
6,0.2500000000,0.6000000000,0.6000000000,3.5000000000,0.6000000000,2.3000000000,12,0.1500000000,4.4000000000,0.5190000000,8.5184000000,1.4775993999,7.6602890203,4.4972698926,2.2734218182,1.8074034400,False,UNVERIFIED
6,0.2500000000,0.6000000000,0.6000000000,3.5000000000,0.6000000000,2.3000000000,12,0.2000000000,4.4000000000,0.5190000000,8.5184000000,1.4775993999,7.6602890203,4.4972698926,2.2734218182,1.8074034400,False,UNVERIFIED
6,0.2500000000,0.6000000000,0.6000000000,3.5000000000,0.6000000000,2.3000000000,12,0.2500000000,4.4000000000,0.5190000000,8.5184000000,1.4775993999,7.6602890203,4.4972698926,2.2734218182,1.8074034400,False,UNVERIFIED
6,0.2500000000,0.6000000000,0.6000000000,3.5000000000,0.6000000000,2.3000000000,16,0.1000000000,4.4000000000,0.5170000000,8.5184000000,1.4775993999,7.6602890203,4.4972698926,2.2734218182,1.8074034400,True,UNVERIFIED
6,0.2500000000,0.6000000000,0.6000000000,3.5000000000,0.6000000000,2.3000000000,16,0.1500000000,4.4000000000,0.5170000000,8.5184000000,1.4775993999,7.6602890203,4.4972698926,2.2734218182,1.8074034400,True,UNVERIFIED
6,0.2500000000,0.6000000000,0.6000000000,3.5000000000,0.6000000000,2.3000000000,16,0.2000000000,4.4000000000,0.5170000000,8.5184000000,1.4775993999,7.6602890203,4.4972698926,2.2734218182,1.8074034400,False,UNVERIFIED
6,0.2500000000,0.6000000000,0.6000000000,3.5000000000,0.6000000000,2.3000000000,16,0.2500000000,4.4000000000,0.5170000000,8.5184000000,1.4775993999,7.6602890203,4.4972698926,2.2734218182,1.8074034400,False,UNVERIFIED
6,0.2500000000,0.6000000000,0.6000000000,3.5000000000,0.6000000000,2.3000000000,20,0.1000000000,4.4000000000,0.5150000000,8.5184000000,1.4775993999,7.6602890203,4.4972698926,2.2734218182,1.8074034400,True,UNVERIFIED
6,0.2500000000,0.6000000000,0.6000000000,3.5000000000,0.6000000000,2.3000000000,20,0.1500000000,4.4000000000,0.5150000000,8.5184000000,1.4775993999,7.6602890203,4.4972698926,2.2734218182,1.8074034400,True,UNVERIFIED
6,0.2500000000,0.6000000000,0.6000000000,3.5000000000,0.6000000000,2.3000000000,20,0.2000000000,4.4000000000,0.5150000000,8.5184000000,1.4775993999,7.6602890203,4.4972698926,2.2734218182,1.8074034400,True,UNVERIFIED
6,0.2500000000,0.6000000000,0.6000000000,3.5000000000,0.6000000000,2.3000000000,20,0.2500000000,4.4000000000,0.5150000000,8.5184000000,1.4775993999,7.6602890203,4.4972698926,2.2734218182,1.8074034400,True,UNVERIFIED
6,0.2500000000,0.6000000000,0.6000000000,3.5000000000,0.6000000000,2.3000000000,25,0.1000000000,4.4000000000,0.5125000000,8.5184000000,1.4775993999,7.6602890203,4.4972698926,2.2734218182,1.8074034400,True,UNVERIFIED
6,0.2500000000,0.6000000000,0.6000000000,3.5000000000,0.6000000000,2.3000000000,25,0.1500000000,4.4000000000,0.5125000000,8.5184000000,1.4775993999,7.6602890203,4.4972698926,2.2734218182,1.8074034400,True,UNVERIFIED
6,0.2500000000,0.6000000000,0.6000000000,3.5000000000,0.6000000000,2.3000000000,25,0.2000000000,4.4000000000,0.5125000000,8.5184000000,1.4775993999,7.6602890203,4.4972698926,2.2734218182,1.8074034400,True,UNVERIFIED
6,0.2500000000,0.6000000000,0.6000000000,3.5000000000,0.6000000000,2.3000000000,25,0.2500000000,4.4000000000,0.5125000000,8.5184000000,1.4775993999,7.6602890203,4.4972698926,2.2734218182,1.8074034400,True,UNVERIFIED
6,0.2500000000,0.6000000000,0.6000000000,3.5000000000,0.6000000000,2.3000000000,28,0.1000000000,4.4000000000,0.5110000000,8.5184000000,1.4775993999,7.6602890203,4.4972698926,2.2734218182,1.8074034400,True,UNVERIFIED
6,0.2500000000,0.6000000000,0.6000000000,3.5000000000,0.6000000000,2.3000000000,28,0.1500000000,4.4000000000,0.5110000000,8.5184000000,1.4775993999,7.6602890203,4.4972698926,2.2734218182,1.8074034400,True,UNVERIFIED
6,0.2500000000,0.6000000000,0.6000000000,3.5000000000,0.6000000000,2.3000000000,28,0.2000000000,4.4000000000,0.5110000000,8.5184000000,1.4775993999,7.6602890203,4.4972698926,2.2734218182,1.8074034400,True,UNVERIFIED
6,0.2500000000,0.6000000000,0.6000000000,3.5000000000,0.6000000000,2.3000000000,28,0.2500000000,4.4000000000,0.5110000000,8.5184000000,1.4775993999,7.6602890203,4.4972698926,2.2734218182,1.8074034400,True,UNVERIFIED
